scenario_id,scenario_name,main_character,support_character,scene_type,pressure_level,target_chunks,mission
S001,Supplier Delay,Ada Wong,Claire Redfield,supplier_crisis,medium,"postpone the shipment;follow up with the supplier;send confirmation to the supplier;find an alternative supplier;meet the deadline","The supplier delayed the shipment. Explain the risk and propose an alternative plan."
S002,Client Escalation,Ada Wong,Jill Valentine,client_escalation,high,"create a recovery plan;offer compensation;take responsibility for the delay;avoid further delay;restore client confidence","The client is dissatisfied and asks for compensation. Prepare a recovery plan."
S003,Urgent Shipment,Jill Valentine,Claire Redfield,shipping_crisis,high,"arrange shipment;urgent shipment;meet the deadline;guarantee there will be no further delay","The client will only accept the order if urgent shipment is arranged today."
S004,Management Approval,Ada Wong,Rose Winters,internal_approval,medium,"get approval;ask for approval;need approval from our supervisor;must be approved","The team needs management approval before accepting higher delivery costs."
S005,Technical Verification,Rebecca Chambers,Grace Ashcroft,quality_check,medium,"verify the material specifications;run another inspection;technical issue;quality control","The alternative material may not match the project specifications. Explain the risk."
S006,Negotiation Failure,Ada Wong,Grace Ashcroft,negotiation,high,"urgent negotiation;reach a compromise;the negotiation may lead to nothing;deal with pressure","The client rejects the first proposal. Try to reach a compromise."
S007,Factory Problem,Rebecca Chambers,Jill Valentine,factory_issue,high,"cause a delay;quality control;technical issue;avoid further delay","A factory problem may delay production. Report the issue and propose action."
S008,Team Pressure,Rose Winters,Claire Redfield,team_management,low,"under pressure;deal with pressure;restore confidence;lose confidence","The team is losing confidence. Explain how to keep communication stable."
S009,Price Increase,Ada Wong,Claire Redfield,cost_control,medium,"price increase;increase the cost;get approval;reach a compromise","The supplier asks for a 10 percent price increase. Decide whether to accept it."
S010,Deadline Crisis,Jill Valentine,Ada Wong,project_delay,high,"miss the deadline;meet the deadline;before the deadline;avoid further delay","The deadline is close. Make an action plan to protect the project."
