word,level,status,mastery,last_seen,scene,source
absorb,B2,learning,1,2026-05-25,Ada,Oxford5000
abstract,B2,learning,1,2026-05-25,Claire,Oxford5000
accent,B2,learning,1,2026-05-25,Jill,Oxford5000
accidentally,B2,learning,1,2026-05-25,Sherry,Oxford5000
accommodate,B2,learning,1,2026-05-25,Rose,Oxford5000
accommodation,B2,learning,1,2026-05-25,Grace,Oxford5000
accomplish,B2,learning,1,2026-05-25,Rebecca,Oxford5000
accountant,B2,learning,1,2026-05-25,Ashley,Oxford5000
accuracy,B2,new,0,,,Oxford5000
accurately,B2,new,0,,,Oxford5000
acid,B2,new,0,,,Oxford5000
acre,B2,new,0,,,Oxford5000
activate,B2,new,0,,,Oxford5000
addiction,B2,new,0,,,Oxford5000
additionally,B2,new,0,,,Oxford5000
adequate,B2,new,0,,,Oxford5000
adequately,B2,new,0,,,Oxford5000
adjust,B2,new,0,,,Oxford5000
affordable,B2,new,0,,,Oxford5000
aged,B2,new,0,,,Oxford5000
agriculture,B2,new,0,,,Oxford5000
aids,B2,new,0,,,Oxford5000
alien,B2,new,0,,,Oxford5000
alongside,B2,new,0,,,Oxford5000
altogether,B2,new,0,,,Oxford5000
ambitious,B2,new,0,,,Oxford5000
ambulance,B2,new,0,,,Oxford5000
amusing,B2,new,0,,,Oxford5000
analyst,B2,new,0,,,Oxford5000
ancestor,B2,new,0,,,Oxford5000
animation,B2,new,0,,,Oxford5000
annually,B2,new,0,,,Oxford5000
anticipate,B2,new,0,,,Oxford5000
anxiety,B2,new,0,,,Oxford5000
apology,B2,new,0,,,Oxford5000
applicant,B2,new,0,,,Oxford5000
appropriately,B2,new,0,,,Oxford5000
arrow,B2,new,0,,,Oxford5000
artwork,B2,new,0,,,Oxford5000
asset,B2,new,0,,,Oxford5000
assign,B2,new,0,,,Oxford5000
assistance,B2,new,0,,,Oxford5000
assumption,B2,new,0,,,Oxford5000
assure,B2,new,0,,,Oxford5000
astonishing,B2,new,0,,,Oxford5000
athletic,B2,new,0,,,Oxford5000
attachment,B2,new,0,,,Oxford5000
audio,B2,new,0,,,Oxford5000
awareness,B2,new,0,,,Oxford5000
awkward,B2,new,0,,,Oxford5000
badge,B2,new,0,,,Oxford5000
balanced,B2,new,0,,,Oxford5000
ballet,B2,new,0,,,Oxford5000
balloon,B2,new,0,,,Oxford5000
barely,B2,new,0,,,Oxford5000
bargain,B2,new,0,,,Oxford5000
basement,B2,new,0,,,Oxford5000
basket,B2,new,0,,,Oxford5000
bat,B2,new,0,,,Oxford5000
beneficial,B2,new,0,,,Oxford5000
beside,B2,new,0,,,Oxford5000
bias,B2,new,0,,,Oxford5000
bid,B2,new,0,,,Oxford5000
biological,B2,new,0,,,Oxford5000
blanket,B2,new,0,,,Oxford5000
blow,B2,new,0,,,Oxford5000
bold,B2,new,0,,,Oxford5000
bombing,B2,new,0,,,Oxford5000
boost,B2,new,0,,,Oxford5000
bound,B2,new,0,,,Oxford5000
brick,B2,new,0,,,Oxford5000
briefly,B2,new,0,,,Oxford5000
broadcaster,B2,new,0,,,Oxford5000
broadly,B2,new,0,,,Oxford5000
buck,B2,new,0,,,Oxford5000
bug,B2,new,0,,,Oxford5000
cabin,B2,new,0,,,Oxford5000
canal,B2,new,0,,,Oxford5000
candle,B2,new,0,,,Oxford5000
carbon,B2,new,0,,,Oxford5000
castle,B2,new,0,,,Oxford5000
casual,B2,new,0,,,Oxford5000
cave,B2,new,0,,,Oxford5000
certainty,B2,new,0,,,Oxford5000
certificate,B2,new,0,,,Oxford5000
challenging,B2,new,0,,,Oxford5000
championship,B2,new,0,,,Oxford5000
charming,B2,new,0,,,Oxford5000
chase,B2,new,0,,,Oxford5000
cheek,B2,new,0,,,Oxford5000
cheer,B2,new,0,,,Oxford5000
chop,B2,new,0,,,Oxford5000
circuit,B2,new,0,,,Oxford5000
civilization,B2,new,0,,,Oxford5000
clarify,B2,new,0,,,Oxford5000
classify,B2,new,0,,,Oxford5000
cliff,B2,new,0,,,Oxford5000
clinic,B2,new,0,,,Oxford5000
clip,B2,new,0,,,Oxford5000
coincidence,B2,new,0,,,Oxford5000
collector,B2,new,0,,,Oxford5000
colony,B2,new,0,,,Oxford5000
colorful,B2,new,0,,,Oxford5000
commander,B2,new,0,,,Oxford5000
comparative,B2,new,0,,,Oxford5000
completion,B2,new,0,,,Oxford5000
compose,B2,new,0,,,Oxford5000
composer,B2,new,0,,,Oxford5000
compound,B2,new,0,,,Oxford5000
comprehensive,B2,new,0,,,Oxford5000
comprise,B2,new,0,,,Oxford5000
compulsory,B2,new,0,,,Oxford5000
confess,B2,new,0,,,Oxford5000
confusion,B2,new,0,,,Oxford5000
consequently,B2,new,0,,,Oxford5000
conservation,B2,new,0,,,Oxford5000
considerable,B2,new,0,,,Oxford5000
considerably,B2,new,0,,,Oxford5000
consistently,B2,new,0,,,Oxford5000
conspiracy,B2,new,0,,,Oxford5000
consult,B2,new,0,,,Oxford5000
consultant,B2,new,0,,,Oxford5000
consumption,B2,new,0,,,Oxford5000
controversial,B2,new,0,,,Oxford5000
controversy,B2,new,0,,,Oxford5000
convenience,B2,new,0,,,Oxford5000
convention,B2,new,0,,,Oxford5000
conventional,B2,new,0,,,Oxford5000
convey,B2,new,0,,,Oxford5000
convincing,B2,new,0,,,Oxford5000
cop,B2,new,0,,,Oxford5000
cope,B2,new,0,,,Oxford5000
corporation,B2,new,0,,,Oxford5000
corridor,B2,new,0,,,Oxford5000
coverage,B2,new,0,,,Oxford5000
cowboy,B2,new,0,,,Oxford5000
crack,B2,new,0,,,Oxford5000
craft,B2,new,0,,,Oxford5000
creativity,B2,new,0,,,Oxford5000
critically,B2,new,0,,,Oxford5000
cruise,B2,new,0,,,Oxford5000
cue,B2,new,0,,,Oxford5000
curious,B2,new,0,,,Oxford5000
curriculum,B2,new,0,,,Oxford5000
cute,B2,new,0,,,Oxford5000
dare,B2,new,0,,,Oxford5000
darkness,B2,new,0,,,Oxford5000
database,B2,new,0,,,Oxford5000
deadline,B2,new,0,,,Oxford5000
deadly,B2,new,0,,,Oxford5000
dealer,B2,new,0,,,Oxford5000
deck,B2,new,0,,,Oxford5000
defender,B2,new,0,,,Oxford5000
delete,B2,new,0,,,Oxford5000
delighted,B2,new,0,,,Oxford5000
democracy,B2,new,0,,,Oxford5000
democratic,B2,new,0,,,Oxford5000
demonstration,B2,new,0,,,Oxford5000
depart,B2,new,0,,,Oxford5000
dependent,B2,new,0,,,Oxford5000
deposit,B2,new,0,,,Oxford5000
depression,B2,new,0,,,Oxford5000
derive,B2,new,0,,,Oxford5000
desperately,B2,new,0,,,Oxford5000
destruction,B2,new,0,,,Oxford5000
determination,B2,new,0,,,Oxford5000
devote,B2,new,0,,,Oxford5000
differ,B2,new,0,,,Oxford5000
dime,B2,new,0,,,Oxford5000
disability,B2,new,0,,,Oxford5000
disabled,B2,new,0,,,Oxford5000
disagreement,B2,new,0,,,Oxford5000
disappoint,B2,new,0,,,Oxford5000
disappointment,B2,new,0,,,Oxford5000
discourage,B2,new,0,,,Oxford5000
disorder,B2,new,0,,,Oxford5000
distant,B2,new,0,,,Oxford5000
distinct,B2,new,0,,,Oxford5000
distinguish,B2,new,0,,,Oxford5000
distract,B2,new,0,,,Oxford5000
disturb,B2,new,0,,,Oxford5000
dive,B2,new,0,,,Oxford5000
diverse,B2,new,0,,,Oxford5000
diversity,B2,new,0,,,Oxford5000
divorce,B2,new,0,,,Oxford5000
dominant,B2,new,0,,,Oxford5000
donation,B2,new,0,,,Oxford5000
dot,B2,new,0,,,Oxford5000
dramatically,B2,new,0,,,Oxford5000
drought,B2,new,0,,,Oxford5000
dull,B2,new,0,,,Oxford5000
dump,B2,new,0,,,Oxford5000
duration,B2,new,0,,,Oxford5000
dynamic,B2,new,0,,,Oxford5000
eager,B2,new,0,,,Oxford5000
economics,B2,new,0,,,Oxford5000
economist,B2,new,0,,,Oxford5000
editorial,B2,new,0,,,Oxford5000
efficiently,B2,new,0,,,Oxford5000
elbow,B2,new,0,,,Oxford5000
electronics,B2,new,0,,,Oxford5000
elegant,B2,new,0,,,Oxford5000
elementary,B2,new,0,,,Oxford5000
eliminate,B2,new,0,,,Oxford5000
embrace,B2,new,0,,,Oxford5000
emission,B2,new,0,,,Oxford5000
emotionally,B2,new,0,,,Oxford5000
empire,B2,new,0,,,Oxford5000
enjoyable,B2,new,0,,,Oxford5000
entertaining,B2,new,0,,,Oxford5000
entrepreneur,B2,new,0,,,Oxford5000
envelope,B2,new,0,,,Oxford5000
equip,B2,new,0,,,Oxford5000
era,B2,new,0,,,Oxford5000
erupt,B2,new,0,,,Oxford5000
essentially,B2,new,0,,,Oxford5000
ethic,B2,new,0,,,Oxford5000
ethnic,B2,new,0,,,Oxford5000
evaluation,B2,new,0,,,Oxford5000
evident,B2,new,0,,,Oxford5000
evolution,B2,new,0,,,Oxford5000
evolve,B2,new,0,,,Oxford5000
exceed,B2,new,0,,,Oxford5000
exception,B2,new,0,,,Oxford5000
excessive,B2,new,0,,,Oxford5000
exclude,B2,new,0,,,Oxford5000
exotic,B2,new,0,,,Oxford5000
expansion,B2,new,0,,,Oxford5000
expedition,B2,new,0,,,Oxford5000
expertise,B2,new,0,,,Oxford5000
exploit,B2,new,0,,,Oxford5000
exposure,B2,new,0,,,Oxford5000
extension,B2,new,0,,,Oxford5000
extensive,B2,new,0,,,Oxford5000
extensively,B2,new,0,,,Oxford5000
extract,B2,new,0,,,Oxford5000
fabric,B2,new,0,,,Oxford5000
fabulous,B2,new,0,,,Oxford5000
faculty,B2,new,0,,,Oxford5000
failed,B2,new,0,,,Oxford5000
fake,B2,new,0,,,Oxford5000
fame,B2,new,0,,,Oxford5000
fantasy,B2,new,0,,,Oxford5000
fare,B2,new,0,,,Oxford5000
firefighter,B2,new,0,,,Oxford5000
firework,B2,new,0,,,Oxford5000
firm,B2,new,0,,,Oxford5000
firmly,B2,new,0,,,Oxford5000
flavor,B2,new,0,,,Oxford5000
fond,B2,new,0,,,Oxford5000
fool,B2,new,0,,,Oxford5000
forbid,B2,new,0,,,Oxford5000
forecast,B2,new,0,,,Oxford5000
format,B2,new,0,,,Oxford5000
formation,B2,new,0,,,Oxford5000
formerly,B2,new,0,,,Oxford5000
fortunate,B2,new,0,,,Oxford5000
forum,B2,new,0,,,Oxford5000
fossil,B2,new,0,,,Oxford5000
foundation,B2,new,0,,,Oxford5000
founder,B2,new,0,,,Oxford5000
fraction,B2,new,0,,,Oxford5000
fragment,B2,new,0,,,Oxford5000
framework,B2,new,0,,,Oxford5000
fraud,B2,new,0,,,Oxford5000
freely,B2,new,0,,,Oxford5000
frequent,B2,new,0,,,Oxford5000
fulfill,B2,new,0,,,Oxford5000
full-time,B2,new,0,,,Oxford5000
fundamentally,B2,new,0,,,Oxford5000
furious,B2,new,0,,,Oxford5000
gallon,B2,new,0,,,Oxford5000
gaming,B2,new,0,,,Oxford5000
gay,B2,new,0,,,Oxford5000
gender,B2,new,0,,,Oxford5000
gene,B2,new,0,,,Oxford5000
genetic,B2,new,0,,,Oxford5000
genius,B2,new,0,,,Oxford5000
genuine,B2,new,0,,,Oxford5000
genuinely,B2,new,0,,,Oxford5000
gesture,B2,new,0,,,Oxford5000
globalization,B2,new,0,,,Oxford5000
globe,B2,new,0,,,Oxford5000
golden,B2,new,0,,,Oxford5000
goodness,B2,new,0,,,Oxford5000
gorgeous,B2,new,0,,,Oxford5000
graphic,B2,new,0,,,Oxford5000
graphics,B2,new,0,,,Oxford5000
greatly,B2,new,0,,,Oxford5000
greenhouse,B2,new,0,,,Oxford5000
guideline,B2,new,0,,,Oxford5000
habitat,B2,new,0,,,Oxford5000
harbor,B2,new,0,,,Oxford5000
headquarters,B2,new,0,,,Oxford5000
heal,B2,new,0,,,Oxford5000
healthcare,B2,new,0,,,Oxford5000
helmet,B2,new,0,,,Oxford5000
hence,B2,new,0,,,Oxford5000
herb,B2,new,0,,,Oxford5000
hidden,B2,new,0,,,Oxford5000
hilarious,B2,new,0,,,Oxford5000
hip,B2,new,0,,,Oxford5000
historian,B2,new,0,,,Oxford5000
homeless,B2,new,0,,,Oxford5000
honesty,B2,new,0,,,Oxford5000
honey,B2,new,0,,,Oxford5000
hook,B2,new,0,,,Oxford5000
hopefully,B2,new,0,,,Oxford5000
hunger,B2,new,0,,,Oxford5000
hypothesis,B2,new,0,,,Oxford5000
icon,B2,new,0,,,Oxford5000
id,B2,new,0,,,Oxford5000
identical,B2,new,0,,,Oxford5000
illusion,B2,new,0,,,Oxford5000
immigration,B2,new,0,,,Oxford5000
immune,B2,new,0,,,Oxford5000
implement,B2,new,0,,,Oxford5000
implication,B2,new,0,,,Oxford5000
incentive,B2,new,0,,,Oxford5000
incorporate,B2,new,0,,,Oxford5000
incorrect,B2,new,0,,,Oxford5000
independence,B2,new,0,,,Oxford5000
index,B2,new,0,,,Oxford5000
indication,B2,new,0,,,Oxford5000
inevitable,B2,new,0,,,Oxford5000
inevitably,B2,new,0,,,Oxford5000
infer,B2,new,0,,,Oxford5000
inflation,B2,new,0,,,Oxford5000
info,B2,new,0,,,Oxford5000
infrastructure,B2,new,0,,,Oxford5000
inhabitant,B2,new,0,,,Oxford5000
inherit,B2,new,0,,,Oxford5000
ink,B2,new,0,,,Oxford5000
innovation,B2,new,0,,,Oxford5000
innovative,B2,new,0,,,Oxford5000
input,B2,new,0,,,Oxford5000
insert,B2,new,0,,,Oxford5000
inspector,B2,new,0,,,Oxford5000
installation,B2,new,0,,,Oxford5000
instant,B2,new,0,,,Oxford5000
instantly,B2,new,0,,,Oxford5000
integrate,B2,new,0,,,Oxford5000
intellectual,B2,new,0,,,Oxford5000
interact,B2,new,0,,,Oxford5000
interaction,B2,new,0,,,Oxford5000
interpretation,B2,new,0,,,Oxford5000
interval,B2,new,0,,,Oxford5000
invade,B2,new,0,,,Oxford5000
invasion,B2,new,0,,,Oxford5000
investor,B2,new,0,,,Oxford5000
isolate,B2,new,0,,,Oxford5000
isolated,B2,new,0,,,Oxford5000
jail,B2,new,0,,,Oxford5000
jet,B2,new,0,,,Oxford5000
journalism,B2,new,0,,,Oxford5000
jury,B2,new,0,,,Oxford5000
kindergarten,B2,new,0,,,Oxford5000
kit,B2,new,0,,,Oxford5000
ladder,B2,new,0,,,Oxford5000
landing,B2,new,0,,,Oxford5000
lane,B2,new,0,,,Oxford5000
lately,B2,new,0,,,Oxford5000
legend,B2,new,0,,,Oxford5000
lens,B2,new,0,,,Oxford5000
lifetime,B2,new,0,,,Oxford5000
lighting,B2,new,0,,,Oxford5000
likewise,B2,new,0,,,Oxford5000
limitation,B2,new,0,,,Oxford5000
literally,B2,new,0,,,Oxford5000
literary,B2,new,0,,,Oxford5000
litter,B2,new,0,,,Oxford5000
logo,B2,new,0,,,Oxford5000
lottery,B2,new,0,,,Oxford5000
loyal,B2,new,0,,,Oxford5000
lyric,B2,new,0,,,Oxford5000
makeup,B2,new,0,,,Oxford5000
making,B2,new,0,,,Oxford5000
manufacture,B2,new,0,,,Oxford5000
manufacturing,B2,new,0,,,Oxford5000
marathon,B2,new,0,,,Oxford5000
margin,B2,new,0,,,Oxford5000
marker,B2,new,0,,,Oxford5000
martial,B2,new,0,,,Oxford5000
mate,B2,new,0,,,Oxford5000
mechanic,B2,new,0,,,Oxford5000
mechanical,B2,new,0,,,Oxford5000
mechanism,B2,new,0,,,Oxford5000
medal,B2,new,0,,,Oxford5000
medication,B2,new,0,,,Oxford5000
membership,B2,new,0,,,Oxford5000
memorable,B2,new,0,,,Oxford5000
metaphor,B2,new,0,,,Oxford5000
miner,B2,new,0,,,Oxford5000
miserable,B2,new,0,,,Oxford5000
mode,B2,new,0,,,Oxford5000
modest,B2,new,0,,,Oxford5000
monster,B2,new,0,,,Oxford5000
monthly,B2,new,0,,,Oxford5000
monument,B2,new,0,,,Oxford5000
moreover,B2,new,0,,,Oxford5000
mortgage,B2,new,0,,,Oxford5000
mosque,B2,new,0,,,Oxford5000
mosquito,B2,new,0,,,Oxford5000
motion,B2,new,0,,,Oxford5000
motivate,B2,new,0,,,Oxford5000
motivation,B2,new,0,,,Oxford5000
moving,B2,new,0,,,Oxford5000
myth,B2,new,0,,,Oxford5000
naked,B2,new,0,,,Oxford5000
nasty,B2,new,0,,,Oxford5000
navigation,B2,new,0,,,Oxford5000
necessity,B2,new,0,,,Oxford5000
negotiate,B2,new,0,,,Oxford5000
negotiation,B2,new,0,,,Oxford5000
neutral,B2,new,0,,,Oxford5000
newly,B2,new,0,,,Oxford5000
nickel,B2,new,0,,,Oxford5000
norm,B2,new,0,,,Oxford5000
notebook,B2,new,0,,,Oxford5000
novelist,B2,new,0,,,Oxford5000
nowadays,B2,new,0,,,Oxford5000
nursing,B2,new,0,,,Oxford5000
nutrition,B2,new,0,,,Oxford5000
obesity,B2,new,0,,,Oxford5000
observer,B2,new,0,,,Oxford5000
obstacle,B2,new,0,,,Oxford5000
occupation,B2,new,0,,,Oxford5000
occupy,B2,new,0,,,Oxford5000
offender,B2,new,0,,,Oxford5000
ongoing,B2,new,0,,,Oxford5000
openly,B2,new,0,,,Oxford5000
opera,B2,new,0,,,Oxford5000
operator,B2,new,0,,,Oxford5000
optimistic,B2,new,0,,,Oxford5000
orchestra,B2,new,0,,,Oxford5000
organic,B2,new,0,,,Oxford5000
outfit,B2,new,0,,,Oxford5000
output,B2,new,0,,,Oxford5000
outstanding,B2,new,0,,,Oxford5000
overcome,B2,new,0,,,Oxford5000
overnight,B2,new,0,,,Oxford5000
ownership,B2,new,0,,,Oxford5000
oxygen,B2,new,0,,,Oxford5000
packet,B2,new,0,,,Oxford5000
palm,B2,new,0,,,Oxford5000
panic,B2,new,0,,,Oxford5000
parade,B2,new,0,,,Oxford5000
participation,B2,new,0,,,Oxford5000
partnership,B2,new,0,,,Oxford5000
part-time,B2,new,0,,,Oxford5000
passionate,B2,new,0,,,Oxford5000
password,B2,new,0,,,Oxford5000
patch,B2,new,0,,,Oxford5000
patience,B2,new,0,,,Oxford5000
pause,B2,new,0,,,Oxford5000
peer,B2,new,0,,,Oxford5000
penalty,B2,new,0,,,Oxford5000
perceive,B2,new,0,,,Oxford5000
perception,B2,new,0,,,Oxford5000
permanently,B2,new,0,,,Oxford5000
pharmacy,B2,new,0,,,Oxford5000
physician,B2,new,0,,,Oxford5000
pill,B2,new,0,,,Oxford5000
pity,B2,new,0,,,Oxford5000
placement,B2,new,0,,,Oxford5000
portion,B2,new,0,,,Oxford5000
potentially,B2,new,0,,,Oxford5000
precede,B2,new,0,,,Oxford5000
precious,B2,new,0,,,Oxford5000
precise,B2,new,0,,,Oxford5000
precisely,B2,new,0,,,Oxford5000
predictable,B2,new,0,,,Oxford5000
preference,B2,new,0,,,Oxford5000
presidential,B2,new,0,,,Oxford5000
pride,B2,new,0,,,Oxford5000
primarily,B2,new,0,,,Oxford5000
prior,B2,new,0,,,Oxford5000
probability,B2,new,0,,,Oxford5000
probable,B2,new,0,,,Oxford5000
proceed,B2,new,0,,,Oxford5000
programming,B2,new,0,,,Oxford5000
progressive,B2,new,0,,,Oxford5000
prohibit,B2,new,0,,,Oxford5000
promising,B2,new,0,,,Oxford5000
promotion,B2,new,0,,,Oxford5000
prompt,B2,new,0,,,Oxford5000
proportion,B2,new,0,,,Oxford5000
protein,B2,new,0,,,Oxford5000
protester,B2,new,0,,,Oxford5000
psychological,B2,new,0,,,Oxford5000
publicity,B2,new,0,,,Oxford5000
publishing,B2,new,0,,,Oxford5000
punk,B2,new,0,,,Oxford5000
purely,B2,new,0,,,Oxford5000
pursuit,B2,new,0,,,Oxford5000
puzzle,B2,new,0,,,Oxford5000
questionnaire,B2,new,0,,,Oxford5000
racial,B2,new,0,,,Oxford5000
racism,B2,new,0,,,Oxford5000
radiation,B2,new,0,,,Oxford5000
rail,B2,new,0,,,Oxford5000
random,B2,new,0,,,Oxford5000
rat,B2,new,0,,,Oxford5000
rating,B2,new,0,,,Oxford5000
reasonably,B2,new,0,,,Oxford5000
rebuild,B2,new,0,,,Oxford5000
receiver,B2,new,0,,,Oxford5000
recession,B2,new,0,,,Oxford5000
reckon,B2,new,0,,,Oxford5000
recognition,B2,new,0,,,Oxford5000
recovery,B2,new,0,,,Oxford5000
recruit,B2,new,0,,,Oxford5000
referee,B2,new,0,,,Oxford5000
refugee,B2,new,0,,,Oxford5000
registration,B2,new,0,,,Oxford5000
regulate,B2,new,0,,,Oxford5000
reinforce,B2,new,0,,,Oxford5000
relieve,B2,new,0,,,Oxford5000
relieved,B2,new,0,,,Oxford5000
remarkable,B2,new,0,,,Oxford5000
remarkably,B2,new,0,,,Oxford5000
rental,B2,new,0,,,Oxford5000
reporting,B2,new,0,,,Oxford5000
resign,B2,new,0,,,Oxford5000
resolution,B2,new,0,,,Oxford5000
restore,B2,new,0,,,Oxford5000
restrict,B2,new,0,,,Oxford5000
restriction,B2,new,0,,,Oxford5000
retail,B2,new,0,,,Oxford5000
retirement,B2,new,0,,,Oxford5000
revenue,B2,new,0,,,Oxford5000
revision,B2,new,0,,,Oxford5000
ridiculous,B2,new,0,,,Oxford5000
risky,B2,new,0,,,Oxford5000
rob,B2,new,0,,,Oxford5000
robbery,B2,new,0,,,Oxford5000
rocket,B2,new,0,,,Oxford5000
romance,B2,new,0,,,Oxford5000
rose,B2,new,0,,,Oxford5000
roughly,B2,new,0,,,Oxford5000
ruin,B2,new,0,,,Oxford5000
satisfaction,B2,new,0,,,Oxford5000
scandal,B2,new,0,,,Oxford5000
scare,B2,new,0,,,Oxford5000
scenario,B2,new,0,,,Oxford5000
scholar,B2,new,0,,,Oxford5000
scholarship,B2,new,0,,,Oxford5000
scratch,B2,new,0,,,Oxford5000
screening,B2,new,0,,,Oxford5000
seeker,B2,new,0,,,Oxford5000
seminar,B2,new,0,,,Oxford5000
settler,B2,new,0,,,Oxford5000
severely,B2,new,0,,,Oxford5000
sexy,B2,new,0,,,Oxford5000
shaped,B2,new,0,,,Oxford5000
shocking,B2,new,0,,,Oxford5000
shore,B2,new,0,,,Oxford5000
shortage,B2,new,0,,,Oxford5000
shortly,B2,new,0,,,Oxford5000
short-term,B2,new,0,,,Oxford5000
sibling,B2,new,0,,,Oxford5000
sidewalk,B2,new,0,,,Oxford5000
signature,B2,new,0,,,Oxford5000
significance,B2,new,0,,,Oxford5000
skilled,B2,new,0,,,Oxford5000
skull,B2,new,0,,,Oxford5000
slogan,B2,new,0,,,Oxford5000
so-called,B2,new,0,,,Oxford5000
somehow,B2,new,0,,,Oxford5000
sometime,B2,new,0,,,Oxford5000
sophisticated,B2,new,0,,,Oxford5000
spare,B2,new,0,,,Oxford5000
specialize,B2,new,0,,,Oxford5000
specify,B2,new,0,,,Oxford5000
spectacular,B2,new,0,,,Oxford5000
spectator,B2,new,0,,,Oxford5000
speculate,B2,new,0,,,Oxford5000
speculation,B2,new,0,,,Oxford5000
spice,B2,new,0,,,Oxford5000
spill,B2,new,0,,,Oxford5000
spite,B2,new,0,,,Oxford5000
spoil,B2,new,0,,,Oxford5000
spokesman,B2,new,0,,,Oxford5000
spokesperson,B2,new,0,,,Oxford5000
spokeswoman,B2,new,0,,,Oxford5000
sponsorship,B2,new,0,,,Oxford5000
stall,B2,new,0,,,Oxford5000
stance,B2,new,0,,,Oxford5000
starve,B2,new,0,,,Oxford5000
steadily,B2,new,0,,,Oxford5000
steam,B2,new,0,,,Oxford5000
stimulate,B2,new,0,,,Oxford5000
strengthen,B2,new,0,,,Oxford5000
strictly,B2,new,0,,,Oxford5000
stroke,B2,new,0,,,Oxford5000
stunning,B2,new,0,,,Oxford5000
subsequent,B2,new,0,,,Oxford5000
subsequently,B2,new,0,,,Oxford5000
suburb,B2,new,0,,,Oxford5000
suffering,B2,new,0,,,Oxford5000
sufficient,B2,new,0,,,Oxford5000
sufficiently,B2,new,0,,,Oxford5000
super,B2,new,0,,,Oxford5000
surgeon,B2,new,0,,,Oxford5000
survival,B2,new,0,,,Oxford5000
survivor,B2,new,0,,,Oxford5000
suspend,B2,new,0,,,Oxford5000
sustainable,B2,new,0,,,Oxford5000
swallow,B2,new,0,,,Oxford5000
sympathetic,B2,new,0,,,Oxford5000
tackle,B2,new,0,,,Oxford5000
tag,B2,new,0,,,Oxford5000
tap,B2,new,0,,,Oxford5000
technological,B2,new,0,,,Oxford5000
temple,B2,new,0,,,Oxford5000
temporarily,B2,new,0,,,Oxford5000
tendency,B2,new,0,,,Oxford5000
tension,B2,new,0,,,Oxford5000
terminal,B2,new,0,,,Oxford5000
terms,B2,new,0,,,Oxford5000
terribly,B2,new,0,,,Oxford5000
terrify,B2,new,0,,,Oxford5000
territory,B2,new,0,,,Oxford5000
terror,B2,new,0,,,Oxford5000
terrorism,B2,new,0,,,Oxford5000
terrorist,B2,new,0,,,Oxford5000
testing,B2,new,0,,,Oxford5000
textbook,B2,new,0,,,Oxford5000
theft,B2,new,0,,,Oxford5000
therapist,B2,new,0,,,Oxford5000
thesis,B2,new,0,,,Oxford5000
thorough,B2,new,0,,,Oxford5000
thoroughly,B2,new,0,,,Oxford5000
thumb,B2,new,0,,,Oxford5000
timing,B2,new,0,,,Oxford5000
tissue,B2,new,0,,,Oxford5000
tournament,B2,new,0,,,Oxford5000
trace,B2,new,0,,,Oxford5000
trading,B2,new,0,,,Oxford5000
tragedy,B2,new,0,,,Oxford5000
tragic,B2,new,0,,,Oxford5000
trait,B2,new,0,,,Oxford5000
transmit,B2,new,0,,,Oxford5000
trap,B2,new,0,,,Oxford5000
treasure,B2,new,0,,,Oxford5000
tribe,B2,new,0,,,Oxford5000
trigger,B2,new,0,,,Oxford5000
troop,B2,new,0,,,Oxford5000
tsunami,B2,new,0,,,Oxford5000
ultimate,B2,new,0,,,Oxford5000
unacceptable,B2,new,0,,,Oxford5000
uncertainty,B2,new,0,,,Oxford5000
undergo,B2,new,0,,,Oxford5000
undertake,B2,new,0,,,Oxford5000
unfold,B2,new,0,,,Oxford5000
unfortunate,B2,new,0,,,Oxford5000
unite,B2,new,0,,,Oxford5000
unity,B2,new,0,,,Oxford5000
universal,B2,new,0,,,Oxford5000
urgent,B2,new,0,,,Oxford5000
usage,B2,new,0,,,Oxford5000
useless,B2,new,0,,,Oxford5000
valid,B2,new,0,,,Oxford5000
variation,B2,new,0,,,Oxford5000
vertical,B2,new,0,,,Oxford5000
viewpoint,B2,new,0,,,Oxford5000
visa,B2,new,0,,,Oxford5000
visible,B2,new,0,,,Oxford5000
voluntary,B2,new,0,,,Oxford5000
voting,B2,new,0,,,Oxford5000
wander,B2,new,0,,,Oxford5000
warming,B2,new,0,,,Oxford5000
weekly,B2,new,0,,,Oxford5000
weird,B2,new,0,,,Oxford5000
welfare,B2,new,0,,,Oxford5000
wheat,B2,new,0,,,Oxford5000
whoever,B2,new,0,,,Oxford5000
widespread,B2,new,0,,,Oxford5000
wisdom,B2,new,0,,,Oxford5000
withdraw,B2,new,0,,,Oxford5000
wolf,B2,new,0,,,Oxford5000
workforce,B2,new,0,,,Oxford5000
workplace,B2,new,0,,,Oxford5000
workshop,B2,new,0,,,Oxford5000
worm,B2,new,0,,,Oxford5000
wrist,B2,new,0,,,Oxford5000
abolish,C1,new,0,,,Oxford5000
abortion,C1,new,0,,,Oxford5000
absence,C1,new,0,,,Oxford5000
absent,C1,new,0,,,Oxford5000
absurd,C1,new,0,,,Oxford5000
abuse,C1,new,0,,,Oxford5000
academy,C1,new,0,,,Oxford5000
accelerate,C1,new,0,,,Oxford5000
acceptance,C1,new,0,,,Oxford5000
accessible,C1,new,0,,,Oxford5000
accomplishment,C1,new,0,,,Oxford5000
accordingly,C1,new,0,,,Oxford5000
accountability,C1,new,0,,,Oxford5000
accountable,C1,new,0,,,Oxford5000
accumulate,C1,new,0,,,Oxford5000
accumulation,C1,new,0,,,Oxford5000
accusation,C1,new,0,,,Oxford5000
accused,C1,new,0,,,Oxford5000
acquisition,C1,new,0,,,Oxford5000
activation,C1,new,0,,,Oxford5000
activist,C1,new,0,,,Oxford5000
acute,C1,new,0,,,Oxford5000
adaptation,C1,new,0,,,Oxford5000
adhere,C1,new,0,,,Oxford5000
adjacent,C1,new,0,,,Oxford5000
adjustment,C1,new,0,,,Oxford5000
administer,C1,new,0,,,Oxford5000
administrative,C1,new,0,,,Oxford5000
administrator,C1,new,0,,,Oxford5000
admission,C1,new,0,,,Oxford5000
adolescent,C1,new,0,,,Oxford5000
adoption,C1,new,0,,,Oxford5000
adverse,C1,new,0,,,Oxford5000
advocate,C1,new,0,,,Oxford5000
aesthetic,C1,new,0,,,Oxford5000
affection,C1,new,0,,,Oxford5000
aftermath,C1,new,0,,,Oxford5000
aggression,C1,new,0,,,Oxford5000
agricultural,C1,new,0,,,Oxford5000
aide,C1,new,0,,,Oxford5000
align,C1,new,0,,,Oxford5000
alignment,C1,new,0,,,Oxford5000
allegation,C1,new,0,,,Oxford5000
allege,C1,new,0,,,Oxford5000
allegedly,C1,new,0,,,Oxford5000
alliance,C1,new,0,,,Oxford5000
allocate,C1,new,0,,,Oxford5000
allocation,C1,new,0,,,Oxford5000
allowance,C1,new,0,,,Oxford5000
ally,C1,new,0,,,Oxford5000
aluminum,C1,new,0,,,Oxford5000
ambassador,C1,new,0,,,Oxford5000
amend,C1,new,0,,,Oxford5000
amendment,C1,new,0,,,Oxford5000
amid,C1,new,0,,,Oxford5000
analogy,C1,new,0,,,Oxford5000
anchor,C1,new,0,,,Oxford5000
angel,C1,new,0,,,Oxford5000
anonymous,C1,new,0,,,Oxford5000
apparatus,C1,new,0,,,Oxford5000
apparel,C1,new,0,,,Oxford5000
appealing,C1,new,0,,,Oxford5000
appetite,C1,new,0,,,Oxford5000
applaud,C1,new,0,,,Oxford5000
applicable,C1,new,0,,,Oxford5000
appoint,C1,new,0,,,Oxford5000
appreciation,C1,new,0,,,Oxford5000
arbitrary,C1,new,0,,,Oxford5000
architectural,C1,new,0,,,Oxford5000
archive,C1,new,0,,,Oxford5000
arena,C1,new,0,,,Oxford5000
arm,C1,new,0,,,Oxford5000
array,C1,new,0,,,Oxford5000
articulate,C1,new,0,,,Oxford5000
ash,C1,new,0,,,Oxford5000
aspiration,C1,new,0,,,Oxford5000
aspire,C1,new,0,,,Oxford5000
assassination,C1,new,0,,,Oxford5000
assault,C1,new,0,,,Oxford5000
assemble,C1,new,0,,,Oxford5000
assembly,C1,new,0,,,Oxford5000
assert,C1,new,0,,,Oxford5000
assertion,C1,new,0,,,Oxford5000
assurance,C1,new,0,,,Oxford5000
asylum,C1,new,0,,,Oxford5000
atrocity,C1,new,0,,,Oxford5000
attain,C1,new,0,,,Oxford5000
attendance,C1,new,0,,,Oxford5000
attribute,C1,new,0,,,Oxford5000
auction,C1,new,0,,,Oxford5000
audit,C1,new,0,,,Oxford5000
authentic,C1,new,0,,,Oxford5000
authorize,C1,new,0,,,Oxford5000
auto,C1,new,0,,,Oxford5000
autonomy,C1,new,0,,,Oxford5000
autumn,C1,new,0,,,Oxford5000
availability,C1,new,0,,,Oxford5000
await,C1,new,0,,,Oxford5000
backdrop,C1,new,0,,,Oxford5000
backing,C1,new,0,,,Oxford5000
backup,C1,new,0,,,Oxford5000
bail,C1,new,0,,,Oxford5000
ballot,C1,new,0,,,Oxford5000
bankruptcy,C1,new,0,,,Oxford5000
banner,C1,new,0,,,Oxford5000
bare,C1,new,0,,,Oxford5000
barrel,C1,new,0,,,Oxford5000
battlefield,C1,new,0,,,Oxford5000
bay,C1,new,0,,,Oxford5000
beam,C1,new,0,,,Oxford5000
beast,C1,new,0,,,Oxford5000
behalf,C1,new,0,,,Oxford5000
behavioral,C1,new,0,,,Oxford5000
beloved,C1,new,0,,,Oxford5000
bench,C1,new,0,,,Oxford5000
benchmark,C1,new,0,,,Oxford5000
beneath,C1,new,0,,,Oxford5000
beneficiary,C1,new,0,,,Oxford5000
betray,C1,new,0,,,Oxford5000
beverage,C1,new,0,,,Oxford5000
bind,C1,new,0,,,Oxford5000
biography,C1,new,0,,,Oxford5000
bishop,C1,new,0,,,Oxford5000
bizarre,C1,new,0,,,Oxford5000
blade,C1,new,0,,,Oxford5000
blast,C1,new,0,,,Oxford5000
bleed,C1,new,0,,,Oxford5000
blend,C1,new,0,,,Oxford5000
bless,C1,new,0,,,Oxford5000
blessing,C1,new,0,,,Oxford5000
boast,C1,new,0,,,Oxford5000
bonus,C1,new,0,,,Oxford5000
booking,C1,new,0,,,Oxford5000
boom,C1,new,0,,,Oxford5000
bounce,C1,new,0,,,Oxford5000
boundary,C1,new,0,,,Oxford5000
breach,C1,new,0,,,Oxford5000
breakdown,C1,new,0,,,Oxford5000
breakthrough,C1,new,0,,,Oxford5000
breed,C1,new,0,,,Oxford5000
broadband,C1,new,0,,,Oxford5000
browser,C1,new,0,,,Oxford5000
brutal,C1,new,0,,,Oxford5000
buddy,C1,new,0,,,Oxford5000
buffer,C1,new,0,,,Oxford5000
bulk,C1,new,0,,,Oxford5000
burden,C1,new,0,,,Oxford5000
bureaucracy,C1,new,0,,,Oxford5000
burial,C1,new,0,,,Oxford5000
burst,C1,new,0,,,Oxford5000
cabinet,C1,new,0,,,Oxford5000
calculation,C1,new,0,,,Oxford5000
canvas,C1,new,0,,,Oxford5000
capability,C1,new,0,,,Oxford5000
capitalism,C1,new,0,,,Oxford5000
capitalist,C1,new,0,,,Oxford5000
cargo,C1,new,0,,,Oxford5000
carriage,C1,new,0,,,Oxford5000
carve,C1,new,0,,,Oxford5000
casino,C1,new,0,,,Oxford5000
casualty,C1,new,0,,,Oxford5000
catalog,C1,new,0,,,Oxford5000
cater,C1,new,0,,,Oxford5000
cattle,C1,new,0,,,Oxford5000
caution,C1,new,0,,,Oxford5000
cautious,C1,new,0,,,Oxford5000
cease,C1,new,0,,,Oxford5000
cemetery,C1,new,0,,,Oxford5000
chamber,C1,new,0,,,Oxford5000
chaos,C1,new,0,,,Oxford5000
characterize,C1,new,0,,,Oxford5000
charm,C1,new,0,,,Oxford5000
charter,C1,new,0,,,Oxford5000
choir,C1,new,0,,,Oxford5000
chronic,C1,new,0,,,Oxford5000
chunk,C1,new,0,,,Oxford5000
circulate,C1,new,0,,,Oxford5000
circulation,C1,new,0,,,Oxford5000
citizenship,C1,new,0,,,Oxford5000
civic,C1,new,0,,,Oxford5000
clarity,C1,new,0,,,Oxford5000
clash,C1,new,0,,,Oxford5000
classification,C1,new,0,,,Oxford5000
cling,C1,new,0,,,Oxford5000
clinical,C1,new,0,,,Oxford5000
closure,C1,new,0,,,Oxford5000
cluster,C1,new,0,,,Oxford5000
coalition,C1,new,0,,,Oxford5000
coastal,C1,new,0,,,Oxford5000
cocktail,C1,new,0,,,Oxford5000
cognitive,C1,new,0,,,Oxford5000
coincide,C1,new,0,,,Oxford5000
collaborate,C1,new,0,,,Oxford5000
collaboration,C1,new,0,,,Oxford5000
collective,C1,new,0,,,Oxford5000
collision,C1,new,0,,,Oxford5000
colonial,C1,new,0,,,Oxford5000
columnist,C1,new,0,,,Oxford5000
combat,C1,new,0,,,Oxford5000
commence,C1,new,0,,,Oxford5000
commentary,C1,new,0,,,Oxford5000
commentator,C1,new,0,,,Oxford5000
commerce,C1,new,0,,,Oxford5000
commissioner,C1,new,0,,,Oxford5000
commodity,C1,new,0,,,Oxford5000
communist,C1,new,0,,,Oxford5000
companion,C1,new,0,,,Oxford5000
comparable,C1,new,0,,,Oxford5000
compassion,C1,new,0,,,Oxford5000
compel,C1,new,0,,,Oxford5000
compelling,C1,new,0,,,Oxford5000
compensate,C1,new,0,,,Oxford5000
compensation,C1,new,0,,,Oxford5000
competence,C1,new,0,,,Oxford5000
competent,C1,new,0,,,Oxford5000
compile,C1,new,0,,,Oxford5000
complement,C1,new,0,,,Oxford5000
complexity,C1,new,0,,,Oxford5000
compliance,C1,new,0,,,Oxford5000
complication,C1,new,0,,,Oxford5000
comply,C1,new,0,,,Oxford5000
composition,C1,new,0,,,Oxford5000
compromise,C1,new,0,,,Oxford5000
compute,C1,new,0,,,Oxford5000
conceal,C1,new,0,,,Oxford5000
concede,C1,new,0,,,Oxford5000
conceive,C1,new,0,,,Oxford5000
conception,C1,new,0,,,Oxford5000
concession,C1,new,0,,,Oxford5000
condemn,C1,new,0,,,Oxford5000
confer,C1,new,0,,,Oxford5000
confession,C1,new,0,,,Oxford5000
configuration,C1,new,0,,,Oxford5000
confine,C1,new,0,,,Oxford5000
confirmation,C1,new,0,,,Oxford5000
confront,C1,new,0,,,Oxford5000
confrontation,C1,new,0,,,Oxford5000
congratulate,C1,new,0,,,Oxford5000
congregation,C1,new,0,,,Oxford5000
congressional,C1,new,0,,,Oxford5000
conquer,C1,new,0,,,Oxford5000
conscience,C1,new,0,,,Oxford5000
consciousness,C1,new,0,,,Oxford5000
consecutive,C1,new,0,,,Oxford5000
consensus,C1,new,0,,,Oxford5000
consent,C1,new,0,,,Oxford5000
conserve,C1,new,0,,,Oxford5000
consistency,C1,new,0,,,Oxford5000
consolidate,C1,new,0,,,Oxford5000
constitute,C1,new,0,,,Oxford5000
constitution,C1,new,0,,,Oxford5000
constitutional,C1,new,0,,,Oxford5000
constraint,C1,new,0,,,Oxford5000
consultation,C1,new,0,,,Oxford5000
contemplate,C1,new,0,,,Oxford5000
contempt,C1,new,0,,,Oxford5000
contend,C1,new,0,,,Oxford5000
contender,C1,new,0,,,Oxford5000
contention,C1,new,0,,,Oxford5000
continually,C1,new,0,,,Oxford5000
contractor,C1,new,0,,,Oxford5000
contradiction,C1,new,0,,,Oxford5000
contributor,C1,new,0,,,Oxford5000
conversion,C1,new,0,,,Oxford5000
convict,C1,new,0,,,Oxford5000
conviction,C1,new,0,,,Oxford5000
cooperate,C1,new,0,,,Oxford5000
cooperative,C1,new,0,,,Oxford5000
coordinate,C1,new,0,,,Oxford5000
coordination,C1,new,0,,,Oxford5000
coordinator,C1,new,0,,,Oxford5000
copper,C1,new,0,,,Oxford5000
copyright,C1,new,0,,,Oxford5000
correction,C1,new,0,,,Oxford5000
correlate,C1,new,0,,,Oxford5000
correlation,C1,new,0,,,Oxford5000
correspond,C1,new,0,,,Oxford5000
correspondence,C1,new,0,,,Oxford5000
correspondent,C1,new,0,,,Oxford5000
corresponding,C1,new,0,,,Oxford5000
corrupt,C1,new,0,,,Oxford5000
corruption,C1,new,0,,,Oxford5000
costly,C1,new,0,,,Oxford5000
councilor,C1,new,0,,,Oxford5000
counseling,C1,new,0,,,Oxford5000
counselor,C1,new,0,,,Oxford5000
counterpart,C1,new,0,,,Oxford5000
countless,C1,new,0,,,Oxford5000
coup,C1,new,0,,,Oxford5000
courtesy,C1,new,0,,,Oxford5000
crawl,C1,new,0,,,Oxford5000
creator,C1,new,0,,,Oxford5000
credibility,C1,new,0,,,Oxford5000
credible,C1,new,0,,,Oxford5000
creep,C1,new,0,,,Oxford5000
critique,C1,new,0,,,Oxford5000
crown,C1,new,0,,,Oxford5000
crude,C1,new,0,,,Oxford5000
crush,C1,new,0,,,Oxford5000
crystal,C1,new,0,,,Oxford5000
cultivate,C1,new,0,,,Oxford5000
curiosity,C1,new,0,,,Oxford5000
custody,C1,new,0,,,Oxford5000
cutting,C1,new,0,,,Oxford5000
cynical,C1,new,0,,,Oxford5000
dam,C1,new,0,,,Oxford5000
damaging,C1,new,0,,,Oxford5000
dawn,C1,new,0,,,Oxford5000
debris,C1,new,0,,,Oxford5000
debut,C1,new,0,,,Oxford5000
decision-making,C1,new,0,,,Oxford5000
decisive,C1,new,0,,,Oxford5000
declaration,C1,new,0,,,Oxford5000
dedicated,C1,new,0,,,Oxford5000
dedication,C1,new,0,,,Oxford5000
deed,C1,new,0,,,Oxford5000
deem,C1,new,0,,,Oxford5000
default,C1,new,0,,,Oxford5000
defect,C1,new,0,,,Oxford5000
defensive,C1,new,0,,,Oxford5000
deficiency,C1,new,0,,,Oxford5000
deficit,C1,new,0,,,Oxford5000
defy,C1,new,0,,,Oxford5000
delegate,C1,new,0,,,Oxford5000
delegation,C1,new,0,,,Oxford5000
delicate,C1,new,0,,,Oxford5000
demon,C1,new,0,,,Oxford5000
denial,C1,new,0,,,Oxford5000
denounce,C1,new,0,,,Oxford5000
dense,C1,new,0,,,Oxford5000
density,C1,new,0,,,Oxford5000
dependence,C1,new,0,,,Oxford5000
depict,C1,new,0,,,Oxford5000
deploy,C1,new,0,,,Oxford5000
deployment,C1,new,0,,,Oxford5000
deprive,C1,new,0,,,Oxford5000
deputy,C1,new,0,,,Oxford5000
descend,C1,new,0,,,Oxford5000
descent,C1,new,0,,,Oxford5000
designate,C1,new,0,,,Oxford5000
desirable,C1,new,0,,,Oxford5000
desktop,C1,new,0,,,Oxford5000
destructive,C1,new,0,,,Oxford5000
detain,C1,new,0,,,Oxford5000
detection,C1,new,0,,,Oxford5000
detention,C1,new,0,,,Oxford5000
deteriorate,C1,new,0,,,Oxford5000
devastate,C1,new,0,,,Oxford5000
devil,C1,new,0,,,Oxford5000
devise,C1,new,0,,,Oxford5000
diagnose,C1,new,0,,,Oxford5000
diagnosis,C1,new,0,,,Oxford5000
dictate,C1,new,0,,,Oxford5000
dictator,C1,new,0,,,Oxford5000
differentiate,C1,new,0,,,Oxford5000
dignity,C1,new,0,,,Oxford5000
dilemma,C1,new,0,,,Oxford5000
dimension,C1,new,0,,,Oxford5000
diminish,C1,new,0,,,Oxford5000
dip,C1,new,0,,,Oxford5000
diplomat,C1,new,0,,,Oxford5000
diplomatic,C1,new,0,,,Oxford5000
directory,C1,new,0,,,Oxford5000
disastrous,C1,new,0,,,Oxford5000
discard,C1,new,0,,,Oxford5000
discharge,C1,new,0,,,Oxford5000
disclose,C1,new,0,,,Oxford5000
disclosure,C1,new,0,,,Oxford5000
discourse,C1,new,0,,,Oxford5000
discretion,C1,new,0,,,Oxford5000
discrimination,C1,new,0,,,Oxford5000
dismissal,C1,new,0,,,Oxford5000
displace,C1,new,0,,,Oxford5000
disposal,C1,new,0,,,Oxford5000
dispose,C1,new,0,,,Oxford5000
dispute,C1,new,0,,,Oxford5000
disrupt,C1,new,0,,,Oxford5000
disruption,C1,new,0,,,Oxford5000
dissolve,C1,new,0,,,Oxford5000
distinction,C1,new,0,,,Oxford5000
distinctive,C1,new,0,,,Oxford5000
distort,C1,new,0,,,Oxford5000
distress,C1,new,0,,,Oxford5000
disturbing,C1,new,0,,,Oxford5000
divert,C1,new,0,,,Oxford5000
divine,C1,new,0,,,Oxford5000
doctrine,C1,new,0,,,Oxford5000
documentation,C1,new,0,,,Oxford5000
domain,C1,new,0,,,Oxford5000
dominance,C1,new,0,,,Oxford5000
donor,C1,new,0,,,Oxford5000
dose,C1,new,0,,,Oxford5000
drain,C1,new,0,,,Oxford5000
drift,C1,new,0,,,Oxford5000
driving,C1,new,0,,,Oxford5000
drown,C1,new,0,,,Oxford5000
dual,C1,new,0,,,Oxford5000
dub,C1,new,0,,,Oxford5000
dumb,C1,new,0,,,Oxford5000
duo,C1,new,0,,,Oxford5000
earnings,C1,new,0,,,Oxford5000
ease,C1,new,0,,,Oxford5000
echo,C1,new,0,,,Oxford5000
ecological,C1,new,0,,,Oxford5000
educator,C1,new,0,,,Oxford5000
effectiveness,C1,new,0,,,Oxford5000
efficiency,C1,new,0,,,Oxford5000
ego,C1,new,0,,,Oxford5000
elaborate,C1,new,0,,,Oxford5000
electoral,C1,new,0,,,Oxford5000
elevate,C1,new,0,,,Oxford5000
eligible,C1,new,0,,,Oxford5000
elite,C1,new,0,,,Oxford5000
embark,C1,new,0,,,Oxford5000
embarrassment,C1,new,0,,,Oxford5000
embassy,C1,new,0,,,Oxford5000
embed,C1,new,0,,,Oxford5000
embody,C1,new,0,,,Oxford5000
emergence,C1,new,0,,,Oxford5000
empirical,C1,new,0,,,Oxford5000
empower,C1,new,0,,,Oxford5000
enact,C1,new,0,,,Oxford5000
encompass,C1,new,0,,,Oxford5000
encouragement,C1,new,0,,,Oxford5000
encouraging,C1,new,0,,,Oxford5000
endeavor,C1,new,0,,,Oxford5000
endless,C1,new,0,,,Oxford5000
endorse,C1,new,0,,,Oxford5000
endorsement,C1,new,0,,,Oxford5000
endure,C1,new,0,,,Oxford5000
enforce,C1,new,0,,,Oxford5000
enforcement,C1,new,0,,,Oxford5000
engagement,C1,new,0,,,Oxford5000
engaging,C1,new,0,,,Oxford5000
enrich,C1,new,0,,,Oxford5000
enroll,C1,new,0,,,Oxford5000
ensue,C1,new,0,,,Oxford5000
enterprise,C1,new,0,,,Oxford5000
enthusiast,C1,new,0,,,Oxford5000
entitle,C1,new,0,,,Oxford5000
entity,C1,new,0,,,Oxford5000
epidemic,C1,new,0,,,Oxford5000
equality,C1,new,0,,,Oxford5000
equation,C1,new,0,,,Oxford5000
erect,C1,new,0,,,Oxford5000
escalate,C1,new,0,,,Oxford5000
essence,C1,new,0,,,Oxford5000
establishment,C1,new,0,,,Oxford5000
eternal,C1,new,0,,,Oxford5000
evacuate,C1,new,0,,,Oxford5000
evoke,C1,new,0,,,Oxford5000
evolutionary,C1,new,0,,,Oxford5000
exaggerate,C1,new,0,,,Oxford5000
excellence,C1,new,0,,,Oxford5000
exceptional,C1,new,0,,,Oxford5000
exclusion,C1,new,0,,,Oxford5000
exclusive,C1,new,0,,,Oxford5000
exclusively,C1,new,0,,,Oxford5000
execute,C1,new,0,,,Oxford5000
execution,C1,new,0,,,Oxford5000
exert,C1,new,0,,,Oxford5000
exile,C1,new,0,,,Oxford5000
expenditure,C1,new,0,,,Oxford5000
experimental,C1,new,0,,,Oxford5000
expire,C1,new,0,,,Oxford5000
explicit,C1,new,0,,,Oxford5000
explicitly,C1,new,0,,,Oxford5000
exploitation,C1,new,0,,,Oxford5000
extremist,C1,new,0,,,Oxford5000
facilitate,C1,new,0,,,Oxford5000
faction,C1,new,0,,,Oxford5000
fade,C1,new,0,,,Oxford5000
fairness,C1,new,0,,,Oxford5000
fatal,C1,new,0,,,Oxford5000
fate,C1,new,0,,,Oxford5000
favorable,C1,new,0,,,Oxford5000
feat,C1,new,0,,,Oxford5000
felony,C1,new,0,,,Oxford5000
fiber,C1,new,0,,,Oxford5000
fierce,C1,new,0,,,Oxford5000
filmmaker,C1,new,0,,,Oxford5000
filter,C1,new,0,,,Oxford5000
fine,C1,new,0,,,Oxford5000
firearm,C1,new,0,,,Oxford5000
fiscal,C1,new,0,,,Oxford5000
fit,C1,new,0,,,Oxford5000
flaw,C1,new,0,,,Oxford5000
flawed,C1,new,0,,,Oxford5000
flee,C1,new,0,,,Oxford5000
fleet,C1,new,0,,,Oxford5000
flesh,C1,new,0,,,Oxford5000
flexibility,C1,new,0,,,Oxford5000
flourish,C1,new,0,,,Oxford5000
fluid,C1,new,0,,,Oxford5000
footage,C1,new,0,,,Oxford5000
foreigner,C1,new,0,,,Oxford5000
forge,C1,new,0,,,Oxford5000
formula,C1,new,0,,,Oxford5000
formulate,C1,new,0,,,Oxford5000
forth,C1,new,0,,,Oxford5000
forthcoming,C1,new,0,,,Oxford5000
foster,C1,new,0,,,Oxford5000
fragile,C1,new,0,,,Oxford5000
franchise,C1,new,0,,,Oxford5000
frankly,C1,new,0,,,Oxford5000
freshman,C1,new,0,,,Oxford5000
frustrated,C1,new,0,,,Oxford5000
frustrating,C1,new,0,,,Oxford5000
frustration,C1,new,0,,,Oxford5000
functional,C1,new,0,,,Oxford5000
fundraising,C1,new,0,,,Oxford5000
funeral,C1,new,0,,,Oxford5000
gambling,C1,new,0,,,Oxford5000
gathering,C1,new,0,,,Oxford5000
gaze,C1,new,0,,,Oxford5000
gear,C1,new,0,,,Oxford5000
generic,C1,new,0,,,Oxford5000
genocide,C1,new,0,,,Oxford5000
gig,C1,new,0,,,Oxford5000
glance,C1,new,0,,,Oxford5000
glimpse,C1,new,0,,,Oxford5000
glorious,C1,new,0,,,Oxford5000
glory,C1,new,0,,,Oxford5000
governance,C1,new,0,,,Oxford5000
grace,C1,new,0,,,Oxford5000
grasp,C1,new,0,,,Oxford5000
gravity,C1,new,0,,,Oxford5000
grid,C1,new,0,,,Oxford5000
grief,C1,new,0,,,Oxford5000
grin,C1,new,0,,,Oxford5000
grind,C1,new,0,,,Oxford5000
grip,C1,new,0,,,Oxford5000
gross,C1,new,0,,,Oxford5000
guerrilla,C1,new,0,,,Oxford5000
guidance,C1,new,0,,,Oxford5000
guilt,C1,new,0,,,Oxford5000
gut,C1,new,0,,,Oxford5000
hail,C1,new,0,,,Oxford5000
halfway,C1,new,0,,,Oxford5000
halt,C1,new,0,,,Oxford5000
handful,C1,new,0,,,Oxford5000
handling,C1,new,0,,,Oxford5000
handy,C1,new,0,,,Oxford5000
harassment,C1,new,0,,,Oxford5000
hardware,C1,new,0,,,Oxford5000
harmony,C1,new,0,,,Oxford5000
harsh,C1,new,0,,,Oxford5000
harvest,C1,new,0,,,Oxford5000
hatred,C1,new,0,,,Oxford5000
haunt,C1,new,0,,,Oxford5000
hazard,C1,new,0,,,Oxford5000
heighten,C1,new,0,,,Oxford5000
heritage,C1,new,0,,,Oxford5000
hierarchy,C1,new,0,,,Oxford5000
high-profile,C1,new,0,,,Oxford5000
hint,C1,new,0,,,Oxford5000
homeland,C1,new,0,,,Oxford5000
hopeful,C1,new,0,,,Oxford5000
horizon,C1,new,0,,,Oxford5000
horn,C1,new,0,,,Oxford5000
hostage,C1,new,0,,,Oxford5000
hostile,C1,new,0,,,Oxford5000
hostility,C1,new,0,,,Oxford5000
humanitarian,C1,new,0,,,Oxford5000
humanity,C1,new,0,,,Oxford5000
humble,C1,new,0,,,Oxford5000
hydrogen,C1,new,0,,,Oxford5000
identification,C1,new,0,,,Oxford5000
ideological,C1,new,0,,,Oxford5000
ideology,C1,new,0,,,Oxford5000
idiot,C1,new,0,,,Oxford5000
ignorance,C1,new,0,,,Oxford5000
imagery,C1,new,0,,,Oxford5000
immense,C1,new,0,,,Oxford5000
imminent,C1,new,0,,,Oxford5000
implementation,C1,new,0,,,Oxford5000
imprison,C1,new,0,,,Oxford5000
inability,C1,new,0,,,Oxford5000
inadequate,C1,new,0,,,Oxford5000
inappropriate,C1,new,0,,,Oxford5000
incarcerate,C1,new,0,,,Oxford5000
incarceration,C1,new,0,,,Oxford5000
incidence,C1,new,0,,,Oxford5000
inclined,C1,new,0,,,Oxford5000
inclusion,C1,new,0,,,Oxford5000
incur,C1,new,0,,,Oxford5000
indicator,C1,new,0,,,Oxford5000
indictment,C1,new,0,,,Oxford5000
indigenous,C1,new,0,,,Oxford5000
induce,C1,new,0,,,Oxford5000
indulge,C1,new,0,,,Oxford5000
inequality,C1,new,0,,,Oxford5000
infamous,C1,new,0,,,Oxford5000
infant,C1,new,0,,,Oxford5000
infect,C1,new,0,,,Oxford5000
inflict,C1,new,0,,,Oxford5000
influential,C1,new,0,,,Oxford5000
inherent,C1,new,0,,,Oxford5000
inhibit,C1,new,0,,,Oxford5000
initiate,C1,new,0,,,Oxford5000
inject,C1,new,0,,,Oxford5000
injection,C1,new,0,,,Oxford5000
injustice,C1,new,0,,,Oxford5000
inmate,C1,new,0,,,Oxford5000
inquire,C1,new,0,,,Oxford5000
insertion,C1,new,0,,,Oxford5000
insider,C1,new,0,,,Oxford5000
inspect,C1,new,0,,,Oxford5000
inspection,C1,new,0,,,Oxford5000
inspiration,C1,new,0,,,Oxford5000
instinct,C1,new,0,,,Oxford5000
institutional,C1,new,0,,,Oxford5000
instruct,C1,new,0,,,Oxford5000
instrumental,C1,new,0,,,Oxford5000
insufficient,C1,new,0,,,Oxford5000
insult,C1,new,0,,,Oxford5000
intact,C1,new,0,,,Oxford5000
intake,C1,new,0,,,Oxford5000
integral,C1,new,0,,,Oxford5000
integrated,C1,new,0,,,Oxford5000
integration,C1,new,0,,,Oxford5000
integrity,C1,new,0,,,Oxford5000
intensify,C1,new,0,,,Oxford5000
intensity,C1,new,0,,,Oxford5000
intensive,C1,new,0,,,Oxford5000
intent,C1,new,0,,,Oxford5000
interactive,C1,new,0,,,Oxford5000
interface,C1,new,0,,,Oxford5000
interfere,C1,new,0,,,Oxford5000
interference,C1,new,0,,,Oxford5000
interim,C1,new,0,,,Oxford5000
intermediate,C1,new,0,,,Oxford5000
intersection,C1,new,0,,,Oxford5000
intervene,C1,new,0,,,Oxford5000
intervention,C1,new,0,,,Oxford5000
intimate,C1,new,0,,,Oxford5000
intriguing,C1,new,0,,,Oxford5000
inventory,C1,new,0,,,Oxford5000
investigator,C1,new,0,,,Oxford5000
invisible,C1,new,0,,,Oxford5000
invoke,C1,new,0,,,Oxford5000
involvement,C1,new,0,,,Oxford5000
ironic,C1,new,0,,,Oxford5000
ironically,C1,new,0,,,Oxford5000
irony,C1,new,0,,,Oxford5000
irrelevant,C1,new,0,,,Oxford5000
isolation,C1,new,0,,,Oxford5000
judicial,C1,new,0,,,Oxford5000
jurisdiction,C1,new,0,,,Oxford5000
just,C1,new,0,,,Oxford5000
justification,C1,new,0,,,Oxford5000
keen,C1,new,0,,,Oxford5000
kidnap,C1,new,0,,,Oxford5000
kidney,C1,new,0,,,Oxford5000
kingdom,C1,new,0,,,Oxford5000
landlord,C1,new,0,,,Oxford5000
landmark,C1,new,0,,,Oxford5000
lap,C1,new,0,,,Oxford5000
large-scale,C1,new,0,,,Oxford5000
laser,C1,new,0,,,Oxford5000
lawmaker,C1,new,0,,,Oxford5000
lawn,C1,new,0,,,Oxford5000
lawsuit,C1,new,0,,,Oxford5000
layout,C1,new,0,,,Oxford5000
leak,C1,new,0,,,Oxford5000
leap,C1,new,0,,,Oxford5000
legacy,C1,new,0,,,Oxford5000
legendary,C1,new,0,,,Oxford5000
legislation,C1,new,0,,,Oxford5000
legislative,C1,new,0,,,Oxford5000
legislature,C1,new,0,,,Oxford5000
legitimate,C1,new,0,,,Oxford5000
lengthy,C1,new,0,,,Oxford5000
lesbian,C1,new,0,,,Oxford5000
lesser,C1,new,0,,,Oxford5000
lethal,C1,new,0,,,Oxford5000
liable,C1,new,0,,,Oxford5000
liberation,C1,new,0,,,Oxford5000
liberty,C1,new,0,,,Oxford5000
lifelong,C1,new,0,,,Oxford5000
likelihood,C1,new,0,,,Oxford5000
limb,C1,new,0,,,Oxford5000
linear,C1,new,0,,,Oxford5000
lineup,C1,new,0,,,Oxford5000
linger,C1,new,0,,,Oxford5000
listing,C1,new,0,,,Oxford5000
liter,C1,new,0,,,Oxford5000
literacy,C1,new,0,,,Oxford5000
liver,C1,new,0,,,Oxford5000
lobby,C1,new,0,,,Oxford5000
log,C1,new,0,,,Oxford5000
logic,C1,new,0,,,Oxford5000
long-standing,C1,new,0,,,Oxford5000
longtime,C1,new,0,,,Oxford5000
loom,C1,new,0,,,Oxford5000
loop,C1,new,0,,,Oxford5000
loyalty,C1,new,0,,,Oxford5000
machinery,C1,new,0,,,Oxford5000
magical,C1,new,0,,,Oxford5000
magnetic,C1,new,0,,,Oxford5000
magnificent,C1,new,0,,,Oxford5000
magnitude,C1,new,0,,,Oxford5000
mainland,C1,new,0,,,Oxford5000
maintenance,C1,new,0,,,Oxford5000
mandate,C1,new,0,,,Oxford5000
mandatory,C1,new,0,,,Oxford5000
manifest,C1,new,0,,,Oxford5000
manipulate,C1,new,0,,,Oxford5000
manipulation,C1,new,0,,,Oxford5000
manuscript,C1,new,0,,,Oxford5000
march,C1,new,0,,,Oxford5000
marginal,C1,new,0,,,Oxford5000
marine,C1,new,0,,,Oxford5000
marketplace,C1,new,0,,,Oxford5000
mask,C1,new,0,,,Oxford5000
massacre,C1,new,0,,,Oxford5000
mathematical,C1,new,0,,,Oxford5000
maximize,C1,new,0,,,Oxford5000
meaningful,C1,new,0,,,Oxford5000
meantime,C1,new,0,,,Oxford5000
medieval,C1,new,0,,,Oxford5000
meditation,C1,new,0,,,Oxford5000
melody,C1,new,0,,,Oxford5000
memo,C1,new,0,,,Oxford5000
memoir,C1,new,0,,,Oxford5000
memorial,C1,new,0,,,Oxford5000
mentor,C1,new,0,,,Oxford5000
merchant,C1,new,0,,,Oxford5000
mercy,C1,new,0,,,Oxford5000
mere,C1,new,0,,,Oxford5000
merely,C1,new,0,,,Oxford5000
merge,C1,new,0,,,Oxford5000
merger,C1,new,0,,,Oxford5000
merit,C1,new,0,,,Oxford5000
methodology,C1,new,0,,,Oxford5000
midst,C1,new,0,,,Oxford5000
migration,C1,new,0,,,Oxford5000
militia,C1,new,0,,,Oxford5000
mill,C1,new,0,,,Oxford5000
minimal,C1,new,0,,,Oxford5000
minimize,C1,new,0,,,Oxford5000
mining,C1,new,0,,,Oxford5000
ministry,C1,new,0,,,Oxford5000
miracle,C1,new,0,,,Oxford5000
misery,C1,new,0,,,Oxford5000
misleading,C1,new,0,,,Oxford5000
missile,C1,new,0,,,Oxford5000
mob,C1,new,0,,,Oxford5000
mobile,C1,new,0,,,Oxford5000
mobility,C1,new,0,,,Oxford5000
mobilize,C1,new,0,,,Oxford5000
moderate,C1,new,0,,,Oxford5000
modification,C1,new,0,,,Oxford5000
module,C1,new,0,,,Oxford5000
momentum,C1,new,0,,,Oxford5000
monk,C1,new,0,,,Oxford5000
monopoly,C1,new,0,,,Oxford5000
morality,C1,new,0,,,Oxford5000
motive,C1,new,0,,,Oxford5000
municipal,C1,new,0,,,Oxford5000
mutual,C1,new,0,,,Oxford5000
namely,C1,new,0,,,Oxford5000
nationwide,C1,new,0,,,Oxford5000
naval,C1,new,0,,,Oxford5000
neglect,C1,new,0,,,Oxford5000
neighboring,C1,new,0,,,Oxford5000
nest,C1,new,0,,,Oxford5000
net,C1,new,0,,,Oxford5000
newsletter,C1,new,0,,,Oxford5000
niche,C1,new,0,,,Oxford5000
noble,C1,new,0,,,Oxford5000
nod,C1,new,0,,,Oxford5000
nominate,C1,new,0,,,Oxford5000
nomination,C1,new,0,,,Oxford5000
nominee,C1,new,0,,,Oxford5000
nonetheless,C1,new,0,,,Oxford5000
nonprofit,C1,new,0,,,Oxford5000
nonsense,C1,new,0,,,Oxford5000
noon,C1,new,0,,,Oxford5000
notable,C1,new,0,,,Oxford5000
notably,C1,new,0,,,Oxford5000
notify,C1,new,0,,,Oxford5000
notorious,C1,new,0,,,Oxford5000
novel,C1,new,0,,,Oxford5000
nursery,C1,new,0,,,Oxford5000
objection,C1,new,0,,,Oxford5000
oblige,C1,new,0,,,Oxford5000
obsess,C1,new,0,,,Oxford5000
obsession,C1,new,0,,,Oxford5000
occasional,C1,new,0,,,Oxford5000
occurrence,C1,new,0,,,Oxford5000
odds,C1,new,0,,,Oxford5000
offering,C1,new,0,,,Oxford5000
offspring,C1,new,0,,,Oxford5000
operational,C1,new,0,,,Oxford5000
opt,C1,new,0,,,Oxford5000
optical,C1,new,0,,,Oxford5000
optimism,C1,new,0,,,Oxford5000
oral,C1,new,0,,,Oxford5000
organizational,C1,new,0,,,Oxford5000
orientation,C1,new,0,,,Oxford5000
originate,C1,new,0,,,Oxford5000
outbreak,C1,new,0,,,Oxford5000
outing,C1,new,0,,,Oxford5000
outlet,C1,new,0,,,Oxford5000
outlook,C1,new,0,,,Oxford5000
outrage,C1,new,0,,,Oxford5000
outsider,C1,new,0,,,Oxford5000
overlook,C1,new,0,,,Oxford5000
overly,C1,new,0,,,Oxford5000
oversee,C1,new,0,,,Oxford5000
overturn,C1,new,0,,,Oxford5000
overwhelm,C1,new,0,,,Oxford5000
overwhelming,C1,new,0,,,Oxford5000
pad,C1,new,0,,,Oxford5000
parameter,C1,new,0,,,Oxford5000
parental,C1,new,0,,,Oxford5000
parliament,C1,new,0,,,Oxford5000
partial,C1,new,0,,,Oxford5000
partially,C1,new,0,,,Oxford5000
passing,C1,new,0,,,Oxford5000
passive,C1,new,0,,,Oxford5000
pastor,C1,new,0,,,Oxford5000
patent,C1,new,0,,,Oxford5000
pathway,C1,new,0,,,Oxford5000
patrol,C1,new,0,,,Oxford5000
patron,C1,new,0,,,Oxford5000
peak,C1,new,0,,,Oxford5000
peasant,C1,new,0,,,Oxford5000
peculiar,C1,new,0,,,Oxford5000
persist,C1,new,0,,,Oxford5000
persistent,C1,new,0,,,Oxford5000
personnel,C1,new,0,,,Oxford5000
petition,C1,new,0,,,Oxford5000
philosopher,C1,new,0,,,Oxford5000
philosophical,C1,new,0,,,Oxford5000
pioneer,C1,new,0,,,Oxford5000
pipeline,C1,new,0,,,Oxford5000
pirate,C1,new,0,,,Oxford5000
pit,C1,new,0,,,Oxford5000
plea,C1,new,0,,,Oxford5000
plead,C1,new,0,,,Oxford5000
pledge,C1,new,0,,,Oxford5000
plug,C1,new,0,,,Oxford5000
plunge,C1,new,0,,,Oxford5000
pole,C1,new,0,,,Oxford5000
poll,C1,new,0,,,Oxford5000
pond,C1,new,0,,,Oxford5000
pop,C1,new,0,,,Oxford5000
portfolio,C1,new,0,,,Oxford5000
portray,C1,new,0,,,Oxford5000
postpone,C1,new,0,,,Oxford5000
postwar,C1,new,0,,,Oxford5000
practitioner,C1,new,0,,,Oxford5000
preach,C1,new,0,,,Oxford5000
precedent,C1,new,0,,,Oxford5000
precision,C1,new,0,,,Oxford5000
predator,C1,new,0,,,Oxford5000
predecessor,C1,new,0,,,Oxford5000
predominantly,C1,new,0,,,Oxford5000
pregnancy,C1,new,0,,,Oxford5000
prejudice,C1,new,0,,,Oxford5000
preliminary,C1,new,0,,,Oxford5000
premier,C1,new,0,,,Oxford5000
premise,C1,new,0,,,Oxford5000
premium,C1,new,0,,,Oxford5000
prescribe,C1,new,0,,,Oxford5000
prescription,C1,new,0,,,Oxford5000
presently,C1,new,0,,,Oxford5000
preservation,C1,new,0,,,Oxford5000
preside,C1,new,0,,,Oxford5000
presidency,C1,new,0,,,Oxford5000
prestigious,C1,new,0,,,Oxford5000
presumably,C1,new,0,,,Oxford5000
presume,C1,new,0,,,Oxford5000
prevail,C1,new,0,,,Oxford5000
prevalence,C1,new,0,,,Oxford5000
prevention,C1,new,0,,,Oxford5000
prey,C1,new,0,,,Oxford5000
privatization,C1,new,0,,,Oxford5000
privilege,C1,new,0,,,Oxford5000
probe,C1,new,0,,,Oxford5000
problematic,C1,new,0,,,Oxford5000
proceeding,C1,new,0,,,Oxford5000
proceeds,C1,new,0,,,Oxford5000
processing,C1,new,0,,,Oxford5000
processor,C1,new,0,,,Oxford5000
proclaim,C1,new,0,,,Oxford5000
productive,C1,new,0,,,Oxford5000
productivity,C1,new,0,,,Oxford5000
profitable,C1,new,0,,,Oxford5000
profound,C1,new,0,,,Oxford5000
projection,C1,new,0,,,Oxford5000
prominent,C1,new,0,,,Oxford5000
pronounced,C1,new,0,,,Oxford5000
propaganda,C1,new,0,,,Oxford5000
proposition,C1,new,0,,,Oxford5000
prosecute,C1,new,0,,,Oxford5000
prosecution,C1,new,0,,,Oxford5000
prosecutor,C1,new,0,,,Oxford5000
prospective,C1,new,0,,,Oxford5000
prosperity,C1,new,0,,,Oxford5000
protective,C1,new,0,,,Oxford5000
protocol,C1,new,0,,,Oxford5000
province,C1,new,0,,,Oxford5000
provincial,C1,new,0,,,Oxford5000
provision,C1,new,0,,,Oxford5000
provoke,C1,new,0,,,Oxford5000
psychiatric,C1,new,0,,,Oxford5000
pulse,C1,new,0,,,Oxford5000
pump,C1,new,0,,,Oxford5000
punch,C1,new,0,,,Oxford5000
query,C1,new,0,,,Oxford5000
quest,C1,new,0,,,Oxford5000
quota,C1,new,0,,,Oxford5000
radar,C1,new,0,,,Oxford5000
radical,C1,new,0,,,Oxford5000
rage,C1,new,0,,,Oxford5000
raid,C1,new,0,,,Oxford5000
rally,C1,new,0,,,Oxford5000
ranking,C1,new,0,,,Oxford5000
rape,C1,new,0,,,Oxford5000
ratio,C1,new,0,,,Oxford5000
rational,C1,new,0,,,Oxford5000
ray,C1,new,0,,,Oxford5000
readily,C1,new,0,,,Oxford5000
realization,C1,new,0,,,Oxford5000
realm,C1,new,0,,,Oxford5000
reasoning,C1,new,0,,,Oxford5000
reassure,C1,new,0,,,Oxford5000
rebel,C1,new,0,,,Oxford5000
rebellion,C1,new,0,,,Oxford5000
recipient,C1,new,0,,,Oxford5000
reconstruction,C1,new,0,,,Oxford5000
recruitment,C1,new,0,,,Oxford5000
referendum,C1,new,0,,,Oxford5000
reflection,C1,new,0,,,Oxford5000
reform,C1,new,0,,,Oxford5000
refuge,C1,new,0,,,Oxford5000
refusal,C1,new,0,,,Oxford5000
regain,C1,new,0,,,Oxford5000
regardless,C1,new,0,,,Oxford5000
regime,C1,new,0,,,Oxford5000
regulator,C1,new,0,,,Oxford5000
regulatory,C1,new,0,,,Oxford5000
rehabilitation,C1,new,0,,,Oxford5000
reign,C1,new,0,,,Oxford5000
rejection,C1,new,0,,,Oxford5000
relevance,C1,new,0,,,Oxford5000
reliability,C1,new,0,,,Oxford5000
reluctant,C1,new,0,,,Oxford5000
remainder,C1,new,0,,,Oxford5000
remains,C1,new,0,,,Oxford5000
remedy,C1,new,0,,,Oxford5000
reminder,C1,new,0,,,Oxford5000
removal,C1,new,0,,,Oxford5000
render,C1,new,0,,,Oxford5000
renew,C1,new,0,,,Oxford5000
renowned,C1,new,0,,,Oxford5000
replacement,C1,new,0,,,Oxford5000
reportedly,C1,new,0,,,Oxford5000
representation,C1,new,0,,,Oxford5000
reproduce,C1,new,0,,,Oxford5000
reproduction,C1,new,0,,,Oxford5000
republic,C1,new,0,,,Oxford5000
resemble,C1,new,0,,,Oxford5000
reside,C1,new,0,,,Oxford5000
residence,C1,new,0,,,Oxford5000
residential,C1,new,0,,,Oxford5000
residue,C1,new,0,,,Oxford5000
resignation,C1,new,0,,,Oxford5000
resistance,C1,new,0,,,Oxford5000
respective,C1,new,0,,,Oxford5000
respectively,C1,new,0,,,Oxford5000
restoration,C1,new,0,,,Oxford5000
restraint,C1,new,0,,,Oxford5000
resume,C1,new,0,,,Oxford5000
retreat,C1,new,0,,,Oxford5000
retrieve,C1,new,0,,,Oxford5000
revelation,C1,new,0,,,Oxford5000
revenge,C1,new,0,,,Oxford5000
revival,C1,new,0,,,Oxford5000
revive,C1,new,0,,,Oxford5000
revolutionary,C1,new,0,,,Oxford5000
rhetoric,C1,new,0,,,Oxford5000
rifle,C1,new,0,,,Oxford5000
riot,C1,new,0,,,Oxford5000
rip,C1,new,0,,,Oxford5000
ritual,C1,new,0,,,Oxford5000
robust,C1,new,0,,,Oxford5000
rock,C1,new,0,,,Oxford5000
rod,C1,new,0,,,Oxford5000
rookie,C1,new,0,,,Oxford5000
roster,C1,new,0,,,Oxford5000
rotate,C1,new,0,,,Oxford5000
rotation,C1,new,0,,,Oxford5000
ruling,C1,new,0,,,Oxford5000
rumor,C1,new,0,,,Oxford5000
sacred,C1,new,0,,,Oxford5000
sacrifice,C1,new,0,,,Oxford5000
saint,C1,new,0,,,Oxford5000
sake,C1,new,0,,,Oxford5000
sanction,C1,new,0,,,Oxford5000
say,C1,new,0,,,Oxford5000
scattered,C1,new,0,,,Oxford5000
scope,C1,new,0,,,Oxford5000
screw,C1,new,0,,,Oxford5000
scrutiny,C1,new,0,,,Oxford5000
seal,C1,new,0,,,Oxford5000
secondly,C1,new,0,,,Oxford5000
secular,C1,new,0,,,Oxford5000
seemingly,C1,new,0,,,Oxford5000
segment,C1,new,0,,,Oxford5000
seize,C1,new,0,,,Oxford5000
seldom,C1,new,0,,,Oxford5000
selective,C1,new,0,,,Oxford5000
sensation,C1,new,0,,,Oxford5000
sensitivity,C1,new,0,,,Oxford5000
sentiment,C1,new,0,,,Oxford5000
separation,C1,new,0,,,Oxford5000
serial,C1,new,0,,,Oxford5000
settlement,C1,new,0,,,Oxford5000
setup,C1,new,0,,,Oxford5000
sexuality,C1,new,0,,,Oxford5000
shareholder,C1,new,0,,,Oxford5000
shatter,C1,new,0,,,Oxford5000
shed,C1,new,0,,,Oxford5000
sheer,C1,new,0,,,Oxford5000
shipping,C1,new,0,,,Oxford5000
shoot,C1,new,0,,,Oxford5000
shrink,C1,new,0,,,Oxford5000
shrug,C1,new,0,,,Oxford5000
sigh,C1,new,0,,,Oxford5000
simulate,C1,new,0,,,Oxford5000
simulation,C1,new,0,,,Oxford5000
simultaneously,C1,new,0,,,Oxford5000
sin,C1,new,0,,,Oxford5000
situated,C1,new,0,,,Oxford5000
skeptical,C1,new,0,,,Oxford5000
sketch,C1,new,0,,,Oxford5000
skip,C1,new,0,,,Oxford5000
slam,C1,new,0,,,Oxford5000
slap,C1,new,0,,,Oxford5000
slash,C1,new,0,,,Oxford5000
slavery,C1,new,0,,,Oxford5000
slot,C1,new,0,,,Oxford5000
smash,C1,new,0,,,Oxford5000
snap,C1,new,0,,,Oxford5000
soak,C1,new,0,,,Oxford5000
soar,C1,new,0,,,Oxford5000
socialist,C1,new,0,,,Oxford5000
sole,C1,new,0,,,Oxford5000
solely,C1,new,0,,,Oxford5000
solidarity,C1,new,0,,,Oxford5000
sophomore,C1,new,0,,,Oxford5000
sound,C1,new,0,,,Oxford5000
sovereignty,C1,new,0,,,Oxford5000
spam,C1,new,0,,,Oxford5000
span,C1,new,0,,,Oxford5000
spark,C1,new,0,,,Oxford5000
specialized,C1,new,0,,,Oxford5000
specification,C1,new,0,,,Oxford5000
specimen,C1,new,0,,,Oxford5000
spectacle,C1,new,0,,,Oxford5000
spectrum,C1,new,0,,,Oxford5000
spell,C1,new,0,,,Oxford5000
sphere,C1,new,0,,,Oxford5000
spin,C1,new,0,,,Oxford5000
spine,C1,new,0,,,Oxford5000
spotlight,C1,new,0,,,Oxford5000
spouse,C1,new,0,,,Oxford5000
spy,C1,new,0,,,Oxford5000
squad,C1,new,0,,,Oxford5000
squeeze,C1,new,0,,,Oxford5000
stab,C1,new,0,,,Oxford5000
stability,C1,new,0,,,Oxford5000
stabilize,C1,new,0,,,Oxford5000
stake,C1,new,0,,,Oxford5000
standing,C1,new,0,,,Oxford5000
stark,C1,new,0,,,Oxford5000
statistical,C1,new,0,,,Oxford5000
steer,C1,new,0,,,Oxford5000
stem,C1,new,0,,,Oxford5000
stereotype,C1,new,0,,,Oxford5000
stimulus,C1,new,0,,,Oxford5000
stir,C1,new,0,,,Oxford5000
storage,C1,new,0,,,Oxford5000
straightforward,C1,new,0,,,Oxford5000
strain,C1,new,0,,,Oxford5000
strand,C1,new,0,,,Oxford5000
strategic,C1,new,0,,,Oxford5000
striking,C1,new,0,,,Oxford5000
strive,C1,new,0,,,Oxford5000
structural,C1,new,0,,,Oxford5000
stumble,C1,new,0,,,Oxford5000
stun,C1,new,0,,,Oxford5000
submission,C1,new,0,,,Oxford5000
subscriber,C1,new,0,,,Oxford5000
subscription,C1,new,0,,,Oxford5000
subsidy,C1,new,0,,,Oxford5000
substantial,C1,new,0,,,Oxford5000
substantially,C1,new,0,,,Oxford5000
substitute,C1,new,0,,,Oxford5000
substitution,C1,new,0,,,Oxford5000
subtle,C1,new,0,,,Oxford5000
suburban,C1,new,0,,,Oxford5000
succession,C1,new,0,,,Oxford5000
successive,C1,new,0,,,Oxford5000
successor,C1,new,0,,,Oxford5000
suck,C1,new,0,,,Oxford5000
sue,C1,new,0,,,Oxford5000
suicide,C1,new,0,,,Oxford5000
suite,C1,new,0,,,Oxford5000
summit,C1,new,0,,,Oxford5000
superb,C1,new,0,,,Oxford5000
superintendent,C1,new,0,,,Oxford5000
superior,C1,new,0,,,Oxford5000
supervise,C1,new,0,,,Oxford5000
supervision,C1,new,0,,,Oxford5000
supervisor,C1,new,0,,,Oxford5000
supplement,C1,new,0,,,Oxford5000
supportive,C1,new,0,,,Oxford5000
supposedly,C1,new,0,,,Oxford5000
suppress,C1,new,0,,,Oxford5000
supreme,C1,new,0,,,Oxford5000
surge,C1,new,0,,,Oxford5000
surgical,C1,new,0,,,Oxford5000
surplus,C1,new,0,,,Oxford5000
surrender,C1,new,0,,,Oxford5000
surveillance,C1,new,0,,,Oxford5000
suspension,C1,new,0,,,Oxford5000
suspicion,C1,new,0,,,Oxford5000
suspicious,C1,new,0,,,Oxford5000
sustain,C1,new,0,,,Oxford5000
swing,C1,new,0,,,Oxford5000
sword,C1,new,0,,,Oxford5000
symbolic,C1,new,0,,,Oxford5000
syndrome,C1,new,0,,,Oxford5000
synthesis,C1,new,0,,,Oxford5000
systematic,C1,new,0,,,Oxford5000
tactic,C1,new,0,,,Oxford5000
tactical,C1,new,0,,,Oxford5000
taxpayer,C1,new,0,,,Oxford5000
tempt,C1,new,0,,,Oxford5000
tenant,C1,new,0,,,Oxford5000
tender,C1,new,0,,,Oxford5000
tenure,C1,new,0,,,Oxford5000
terminate,C1,new,0,,,Oxford5000
terrain,C1,new,0,,,Oxford5000
terrific,C1,new,0,,,Oxford5000
testify,C1,new,0,,,Oxford5000
testimony,C1,new,0,,,Oxford5000
texture,C1,new,0,,,Oxford5000
thankfully,C1,new,0,,,Oxford5000
theatrical,C1,new,0,,,Oxford5000
theology,C1,new,0,,,Oxford5000
theoretical,C1,new,0,,,Oxford5000
thereafter,C1,new,0,,,Oxford5000
thereby,C1,new,0,,,Oxford5000
thoughtful,C1,new,0,,,Oxford5000
thought-provoking,C1,new,0,,,Oxford5000
thread,C1,new,0,,,Oxford5000
threshold,C1,new,0,,,Oxford5000
thrilled,C1,new,0,,,Oxford5000
thrive,C1,new,0,,,Oxford5000
tide,C1,new,0,,,Oxford5000
tighten,C1,new,0,,,Oxford5000
timber,C1,new,0,,,Oxford5000
timely,C1,new,0,,,Oxford5000
tobacco,C1,new,0,,,Oxford5000
tolerance,C1,new,0,,,Oxford5000
tolerate,C1,new,0,,,Oxford5000
toll,C1,new,0,,,Oxford5000
top,C1,new,0,,,Oxford5000
torture,C1,new,0,,,Oxford5000
toss,C1,new,0,,,Oxford5000
total,C1,new,0,,,Oxford5000
toxic,C1,new,0,,,Oxford5000
trademark,C1,new,0,,,Oxford5000
trail,C1,new,0,,,Oxford5000
trailer,C1,new,0,,,Oxford5000
transaction,C1,new,0,,,Oxford5000
transcript,C1,new,0,,,Oxford5000
transformation,C1,new,0,,,Oxford5000
transit,C1,new,0,,,Oxford5000
transmission,C1,new,0,,,Oxford5000
transparency,C1,new,0,,,Oxford5000
transparent,C1,new,0,,,Oxford5000
trauma,C1,new,0,,,Oxford5000
treaty,C1,new,0,,,Oxford5000
tremendous,C1,new,0,,,Oxford5000
tribal,C1,new,0,,,Oxford5000
tribute,C1,new,0,,,Oxford5000
trio,C1,new,0,,,Oxford5000
triumph,C1,new,0,,,Oxford5000
trophy,C1,new,0,,,Oxford5000
troubled,C1,new,0,,,Oxford5000
trustee,C1,new,0,,,Oxford5000
tuition,C1,new,0,,,Oxford5000
tumor,C1,new,0,,,Oxford5000
turnout,C1,new,0,,,Oxford5000
turnover,C1,new,0,,,Oxford5000
twist,C1,new,0,,,Oxford5000
unconstitutional,C1,new,0,,,Oxford5000
undergraduate,C1,new,0,,,Oxford5000
underlying,C1,new,0,,,Oxford5000
undermine,C1,new,0,,,Oxford5000
undoubtedly,C1,new,0,,,Oxford5000
unify,C1,new,0,,,Oxford5000
unprecedented,C1,new,0,,,Oxford5000
unveil,C1,new,0,,,Oxford5000
upcoming,C1,new,0,,,Oxford5000
upgrade,C1,new,0,,,Oxford5000
uphold,C1,new,0,,,Oxford5000
utility,C1,new,0,,,Oxford5000
utilize,C1,new,0,,,Oxford5000
utterly,C1,new,0,,,Oxford5000
vacuum,C1,new,0,,,Oxford5000
vague,C1,new,0,,,Oxford5000
validity,C1,new,0,,,Oxford5000
vanish,C1,new,0,,,Oxford5000
varied,C1,new,0,,,Oxford5000
vein,C1,new,0,,,Oxford5000
venture,C1,new,0,,,Oxford5000
verbal,C1,new,0,,,Oxford5000
verdict,C1,new,0,,,Oxford5000
verify,C1,new,0,,,Oxford5000
verse,C1,new,0,,,Oxford5000
versus,C1,new,0,,,Oxford5000
vessel,C1,new,0,,,Oxford5000
veteran,C1,new,0,,,Oxford5000
viable,C1,new,0,,,Oxford5000
vibrant,C1,new,0,,,Oxford5000
vice,C1,new,0,,,Oxford5000
vicious,C1,new,0,,,Oxford5000
violate,C1,new,0,,,Oxford5000
violation,C1,new,0,,,Oxford5000
virtue,C1,new,0,,,Oxford5000
vocal,C1,new,0,,,Oxford5000
vow,C1,new,0,,,Oxford5000
vulnerability,C1,new,0,,,Oxford5000
vulnerable,C1,new,0,,,Oxford5000
ward,C1,new,0,,,Oxford5000
warehouse,C1,new,0,,,Oxford5000
warfare,C1,new,0,,,Oxford5000
warrant,C1,new,0,,,Oxford5000
warrior,C1,new,0,,,Oxford5000
weaken,C1,new,0,,,Oxford5000
weave,C1,new,0,,,Oxford5000
weed,C1,new,0,,,Oxford5000
well,C1,new,0,,,Oxford5000
well-being,C1,new,0,,,Oxford5000
whatsoever,C1,new,0,,,Oxford5000
whereby,C1,new,0,,,Oxford5000
whip,C1,new,0,,,Oxford5000
wholly,C1,new,0,,,Oxford5000
widen,C1,new,0,,,Oxford5000
widow,C1,new,0,,,Oxford5000
width,C1,new,0,,,Oxford5000
willingness,C1,new,0,,,Oxford5000
wipe,C1,new,0,,,Oxford5000
wit,C1,new,0,,,Oxford5000
withdrawal,C1,new,0,,,Oxford5000
workout,C1,new,0,,,Oxford5000
worship,C1,new,0,,,Oxford5000
worthwhile,C1,new,0,,,Oxford5000
worthy,C1,new,0,,,Oxford5000
yell,C1,new,0,,,Oxford5000
yield,C1,new,0,,,Oxford5000
