word,level,status,mastery,last_seen,scene
abandon,B2,new,0,,
ability,A2,new,0,,
able,A2,new,0,,
abroad,A2,new,0,,
absolute,B2,new,0,,
absolutely,B1,new,0,,
academic,B1,new,0,,
accept,A2,new,0,,
acceptable,B2,new,0,,
accident,A2,new,0,,
accommodation,B1,new,0,,
accompany,B2,new,0,,
account,B1,new,0,,
accurate,B2,new,0,,
accuse,B2,new,0,,
achieve,A2,new,0,,
achievement,B1,new,0,,
acknowledge,B2,new,0,,
acquire,B2,new,0,,
act,A2,new,0,,
action,A1,new,0,,
active,A2,new,0,,
activity,A1,new,0,,
actor,A1,new,0,,
actress,A1,new,0,,
actual,B2,new,0,,
actually,A2,new,0,,
ad,B1,new,0,,
adapt,B2,new,0,,
add,A1,new,0,,
addition,B1,new,0,,
additional,B2,new,0,,
address,A1,new,0,,
administration,B2,new,0,,
admire,B1,new,0,,
admit,B1,new,0,,
adopt,B2,new,0,,
adult,A1,new,0,,
advanced,B1,new,0,,
advantage,A2,new,0,,
adventure,A2,new,0,,
advertise,A2,new,0,,
advertisement,A2,new,0,,
advertising,A2,new,0,,
advice,A1,new,0,,
advise,B1,new,0,,
affair,B2,new,0,,
affect,A2,new,0,,
afford,B1,new,0,,
afraid,A1,new,0,,
after,A1,new,0,,
afternoon,A1,new,0,,
afterwards,B2,new,0,,
again,A1,new,0,,
against,A2,new,0,,
age,A1,new,0,,
aged,B1,new,0,,
agency,B2,new,0,,
agenda,B2,new,0,,
agent,B1,new,0,,
aggressive,B2,new,0,,
ago,A1,new,0,,
agree,A1,new,0,,
agreement,B1,new,0,,
ah,A2,new,0,,
ahead,B1,new,0,,
air,A1,new,0,,
aircraft,B2,new,0,,
airline,A2,new,0,,
airport,A1,new,0,,
alarm,B1,new,0,,
album,B1,new,0,,
alcohol,B1,new,0,,
alcoholic,B1,new,0,,
alive,A2,new,0,,
allow,A2,new,0,,
almost,A2,new,0,,
already,A2,new,0,,
also,A1,new,0,,
alter,B2,new,0,,
alternative,A2,new,0,,
although,A2,new,0,,
always,A1,new,0,,
amazed,B1,new,0,,
amazing,A1,new,0,,
ambition,B1,new,0,,
ambitious,B1,new,0,,
among,A2,new,0,,
amount,A2,new,0,,
analyse,B1,new,0,,
analysis,B1,new,0,,
ancient,A2,new,0,,
and,A1,new,0,,
anger,B2,new,0,,
angle,B2,new,0,,
angry,A1,new,0,,
animal,A1,new,0,,
ankle,A2,new,0,,
anniversary,B2,new,0,,
announce,B1,new,0,,
announcement,B1,new,0,,
annoy,B1,new,0,,
annoyed,B1,new,0,,
annoying,B1,new,0,,
annual,B2,new,0,,
anxious,B2,new,0,,
anybody,A2,new,0,,
anyone,A1,new,0,,
anything,A1,new,0,,
anyway,A2,new,0,,
apart,B1,new,0,,
apartment,A1,new,0,,
apologize,B1,new,0,,
app,A2,new,0,,
apparent,B2,new,0,,
apparently,B2,new,0,,
appear,A2,new,0,,
appearance,A2,new,0,,
apple,A1,new,0,,
application,B1,new,0,,
apply,A2,new,0,,
appointment,B1,new,0,,
appreciate,B1,new,0,,
appropriate,B2,new,0,,
approval,B2,new,0,,
approve,B2,new,0,,
approximately,B1,new,0,,
april,A1,new,0,,
architect,A2,new,0,,
architecture,A2,new,0,,
area,A1,new,0,,
argue,A2,new,0,,
argument,A2,new,0,,
arise,B2,new,0,,
arm,A1,new,0,,
armed,B2,new,0,,
arms,B2,new,0,,
army,A2,new,0,,
arrange,A2,new,0,,
arrangement,A2,new,0,,
arrival,B1,new,0,,
arrive,A1,new,0,,
art,A1,new,0,,
article,A1,new,0,,
artificial,B2,new,0,,
artist,A1,new,0,,
artistic,B2,new,0,,
as,A1,new,0,,
ashamed,B2,new,0,,
ask,A1,new,0,,
asleep,A2,new,0,,
aspect,B2,new,0,,
assess,B2,new,0,,
assessment,B2,new,0,,
assignment,B1,new,0,,
assist,B1,new,0,,
associate,B2,new,0,,
associated,B2,new,0,,
association,B2,new,0,,
assume,B2,new,0,,
at,A1,new,0,,
athlete,A2,new,0,,
atmosphere,B1,new,0,,
attach,B1,new,0,,
attend,A2,new,0,,
attitude,B1,new,0,,
attract,B1,new,0,,
attraction,B1,new,0,,
attractive,A2,new,0,,
audience,A2,new,0,,
august,A1,new,0,,
aunt,A1,new,0,,
author,A2,new,0,,
authority,B1,new,0,,
autumn,A1,new,0,,
available,A2,new,0,,
avoid,A2,new,0,,
award,A2,new,0,,
aware,B1,new,0,,
away,A1,new,0,,
awful,A2,new,0,,
baby,A1,new,0,,
background,A2,new,0,,
backwards,B1,new,0,,
bacteria,B2,new,0,,
bad,A1,new,0,,
badly,A2,new,0,,
bag,A1,new,0,,
bake,B1,new,0,,
ball,A1,new,0,,
banana,A1,new,0,,
band,A1,new,0,,
bar,A2,new,0,,
barrier,B2,new,0,,
baseball,A2,new,0,,
based,A2,new,0,,
basic,B1,new,0,,
basically,B2,new,0,,
basis,B1,new,0,,
basketball,A2,new,0,,
bath,A1,new,0,,
bathroom,A1,new,0,,
battery,B1,new,0,,
battle,B1,new,0,,
beach,A1,new,0,,
bean,A2,new,0,,
beat,A2,new,0,,
beautiful,A1,new,0,,
beauty,B1,new,0,,
because,A1,new,0,,
become,A1,new,0,,
bed,A1,new,0,,
bedroom,A1,new,0,,
bee,B1,new,0,,
beef,A2,new,0,,
beer,A1,new,0,,
before,A1,new,0,,
beg,B2,new,0,,
begin,A1,new,0,,
beginning,A1,new,0,,
behave,A2,new,0,,
behaviour,A2,new,0,,
being,B2,new,0,,
belief,B1,new,0,,
believe,A1,new,0,,
bell,B1,new,0,,
belong,A2,new,0,,
belt,A2,new,0,,
benefit,A2,new,0,,
bent,B2,new,0,,
best,A1,new,0,,
better,A1,new,0,,
between,A1,new,0,,
bicycle,A1,new,0,,
big,A1,new,0,,
bike,A1,new,0,,
bill,A1,new,0,,
billion number,A2,new,0,,
bin,A2,new,0,,
biology,A2,new,0,,
bird,A1,new,0,,
birth,A2,new,0,,
birthday,A1,new,0,,
biscuit,A2,new,0,,
bit,A2,new,0,,
bitter,B2,new,0,,
blind,B2,new,0,,
blog,A1,new,0,,
blonde,A1,new,0,,
blood,A2,new,0,,
blow,A2,new,0,,
board,A2,new,0,,
boat,A1,new,0,,
body,A1,new,0,,
boil,A2,new,0,,
bond,B2,new,0,,
bone,A2,new,0,,
book,A1,new,0,,
boot,A1,new,0,,
border,B1,new,0,,
bored,A1,new,0,,
boring,A1,new,0,,
born,A1,new,0,,
borrow,A2,new,0,,
boss,A2,new,0,,
bother,B1,new,0,,
bottle,A1,new,0,,
bowl,A2,new,0,,
box,A1,new,0,,
boy,A1,new,0,,
boyfriend,A1,new,0,,
brain,A2,new,0,,
branch,B1,new,0,,
brave,B1,new,0,,
bread,A1,new,0,,
breakfast,A1,new,0,,
breast,B2,new,0,,
breath,B1,new,0,,
breathe,B1,new,0,,
breathing,B1,new,0,,
bride,B1,new,0,,
bridge,A2,new,0,,
brief,B2,new,0,,
bright,A2,new,0,,
brilliant,A2,new,0,,
bring,A1,new,0,,
broad,B2,new,0,,
broken,A2,new,0,,
brother,A1,new,0,,
bubble,B1,new,0,,
budget,B2,new,0,,
build,A1,new,0,,
building,A1,new,0,,
bullet,B2,new,0,,
bunch,B2,new,0,,
burn,A2,new,0,,
bury,B1,new,0,,
bus,A1,new,0,,
bush,B2,new,0,,
business,A1,new,0,,
businessman,A2,new,0,,
busy,A1,new,0,,
but,A1,new,0,,
butter,A1,new,0,,
button,A2,new,0,,
buy,A1,new,0,,
by,A1,new,0,,
bye,A1,new,0,,
cable,B2,new,0,,
cafe,A1,new,0,,
cake,A1,new,0,,
calculate,B2,new,0,,
camera,A1,new,0,,
camping,A2,new,0,,
campus,B1,new,0,,
cancel,B2,new,0,,
cancer,B2,new,0,,
candidate,B1,new,0,,
cannot,A1,new,0,,
cap,B1,new,0,,
capable,B2,new,0,,
capacity,B2,new,0,,
captain,B1,new,0,,
car,A1,new,0,,
card,A1,new,0,,
career,A1,new,0,,
careful,A2,new,0,,
carefully,A2,new,0,,
careless,B1,new,0,,
carpet,A2,new,0,,
carrot,A1,new,0,,
carry,A1,new,0,,
cartoon,A2,new,0,,
case,A2,new,0,,
cash,A2,new,0,,
castle,A2,new,0,,
cat,A1,new,0,,
catch,A2,new,0,,
category,B1,new,0,,
cd,A1,new,0,,
ceiling,B1,new,0,,
celebrate,A2,new,0,,
celebration,B1,new,0,,
celebrity,A2,new,0,,
cell,B2,new,0,,
cent,A1,new,0,,
central,B1,new,0,,
centre,A1,new,0,,
century,A1,new,0,,
ceremony,B1,new,0,,
certain,A2,new,0,,
certainly,A2,new,0,,
chain,B1,new,0,,
chair,A1,new,0,,
chairman,B2,new,0,,
challenge,B1,new,0,,
champion,B1,new,0,,
chance,A2,new,0,,
channel,B1,new,0,,
chapter,B1,new,0,,
character,A2,new,0,,
charity,A2,new,0,,
chart,A1,new,0,,
cheap,A1,new,0,,
check,A1,new,0,,
cheerful,B1,new,0,,
cheese,A1,new,0,,
chef,A2,new,0,,
chemistry,A2,new,0,,
chest,B1,new,0,,
chicken,A1,new,0,,
child,A1,new,0,,
childhood,B1,new,0,,
chip,A2,new,0,,
chocolate,A1,new,0,,
choice,A2,new,0,,
choose,A1,new,0,,
church,A2,new,0,,
cigarette,A2,new,0,,
cinema,A1,new,0,,
circumstance,B2,new,0,,
cite,B2,new,0,,
citizen,B2,new,0,,
city,A1,new,0,,
civil,B2,new,0,,
class,A1,new,0,,
classical,A2,new,0,,
classroom,A1,new,0,,
clause,B1,new,0,,
clear,A2,new,0,,
clearly,A2,new,0,,
clever,A2,new,0,,
client,B1,new,0,,
climate,A2,new,0,,
climb,A1,new,0,,
clock,A1,new,0,,
closed,A2,new,0,,
closely,B2,new,0,,
cloth,B1,new,0,,
clothes,A1,new,0,,
clothing,A2,new,0,,
cloud,A2,new,0,,
club,A1,new,0,,
clue,B1,new,0,,
coach,A2,new,0,,
coal,B1,new,0,,
coast,A2,new,0,,
coat,A1,new,0,,
code,A2,new,0,,
coffee,A1,new,0,,
coin,B1,new,0,,
colleague,A2,new,0,,
collect,A2,new,0,,
collection,B1,new,0,,
college,A1,new,0,,
colour,A1,new,0,,
coloured,B1,new,0,,
column,A2,new,0,,
combination,B2,new,0,,
combine,B1,new,0,,
come,A1,new,0,,
comedy,A2,new,0,,
comfortable,A2,new,0,,
comment,A2,new,0,,
commit,B1,new,0,,
commitment,B2,new,0,,
committee,B2,new,0,,
commonly,B2,new,0,,
communicate,A2,new,0,,
communication,B1,new,0,,
community,A2,new,0,,
company,A1,new,0,,
compare,A1,new,0,,
comparison,B1,new,0,,
compete,A2,new,0,,
competition,A2,new,0,,
competitive,B1,new,0,,
competitor,B1,new,0,,
complain,A2,new,0,,
complaint,B1,new,0,,
completely,A2,new,0,,
complex,B1,new,0,,
complicated,B2,new,0,,
component,B2,new,0,,
computer,A1,new,0,,
concentrate,B1,new,0,,
concentration,B2,new,0,,
concept,B2,new,0,,
concerned,B2,new,0,,
concert,A1,new,0,,
conclude,B1,new,0,,
conclusion,B1,new,0,,
condition,A2,new,0,,
conference,A2,new,0,,
confidence,B2,new,0,,
confident,B1,new,0,,
confirm,B1,new,0,,
confuse,B1,new,0,,
confused,B1,new,0,,
confusing,B2,new,0,,
connect,A2,new,0,,
connected,A2,new,0,,
connection,B1,new,0,,
conscious,B2,new,0,,
consequence,B1,new,0,,
consider,A2,new,0,,
consideration,B2,new,0,,
consist,B1,new,0,,
consistent,B2,new,0,,
constant,B2,new,0,,
constantly,B2,new,0,,
construct,B2,new,0,,
construction,B2,new,0,,
consume,B1,new,0,,
consumer,B1,new,0,,
contain,A2,new,0,,
container,B1,new,0,,
contemporary,B2,new,0,,
context,A2,new,0,,
continent,A2,new,0,,
continue,A2,new,0,,
continuous,B1,new,0,,
contribute,B2,new,0,,
contribution,B2,new,0,,
convenient,B1,new,0,,
conversation,A1,new,0,,
convert,B2,new,0,,
convince,B1,new,0,,
convinced,B2,new,0,,
cook,A1,new,0,,
cooker,A2,new,0,,
cooking,A1,new,0,,
cool,A1,new,0,,
corner,A2,new,0,,
corporate,B2,new,0,,
correctly,A2,new,0,,
costume,B1,new,0,,
cottage,B1,new,0,,
cotton,B1,new,0,,
could modal,A1,new,0,,
council,B2,new,0,,
count,A2,new,0,,
country,A1,new,0,,
countryside,B1,new,0,,
county,B2,new,0,,
couple,A2,new,0,,
courage,B2,new,0,,
course,A1,new,0,,
court,B1,new,0,,
cousin,A1,new,0,,
cover,A2,new,0,,
covered,B1,new,0,,
cow,A1,new,0,,
crazy,A2,new,0,,
cream,A1,new,0,,
create,A1,new,0,,
creation,B2,new,0,,
creative,A2,new,0,,
creature,B2,new,0,,
credit,A2,new,0,,
crew,B2,new,0,,
crime,A2,new,0,,
criminal,A2,new,0,,
crisis,B2,new,0,,
criterion,B2,new,0,,
critic,B2,new,0,,
critical,B2,new,0,,
criticism,B2,new,0,,
criticize,B2,new,0,,
crop,B2,new,0,,
crowd,A2,new,0,,
crowded,A2,new,0,,
crucial,B2,new,0,,
cruel,B1,new,0,,
cry,A2,new,0,,
cultural,B1,new,0,,
culture,A1,new,0,,
cup,A1,new,0,,
cupboard,A2,new,0,,
curly,A2,new,0,,
currency,B1,new,0,,
current,B1,new,0,,
currently,B1,new,0,,
curtain,B1,new,0,,
curved,B2,new,0,,
custom,B1,new,0,,
customer,A1,new,0,,
cut,A1,new,0,,
dad,A1,new,0,,
daily,A2,new,0,,
dancer,A1,new,0,,
dancing,A1,new,0,,
danger,A2,new,0,,
dangerous,A1,new,0,,
dark,A1,new,0,,
data,A2,new,0,,
date,A1,new,0,,
daughter,A1,new,0,,
day,A1,new,0,,
dead,A2,new,0,,
deal,A2,new,0,,
dear,A1,new,0,,
death,A2,new,0,,
debt,B2,new,0,,
decade,B1,new,0,,
december,A1,new,0,,
decent,B2,new,0,,
decide,A1,new,0,,
decision,A2,new,0,,
declare,B2,new,0,,
decorate,B1,new,0,,
decoration,B2,new,0,,
deep,A2,new,0,,
deeply,B2,new,0,,
defence,B2,new,0,,
defend,B2,new,0,,
define,B1,new,0,,
definite,B1,new,0,,
definitely,A2,new,0,,
definition,B1,new,0,,
degree,A2,new,0,,
deliberate,B2,new,0,,
deliberately,B2,new,0,,
delicious,A1,new,0,,
delighted,B2,new,0,,
deliver,B1,new,0,,
delivery,B2,new,0,,
demonstrate,B2,new,0,,
dentist,A2,new,0,,
deny,B2,new,0,,
department,A2,new,0,,
departure,B1,new,0,,
depend,A2,new,0,,
depressed,B2,new,0,,
depressing,B2,new,0,,
depth,B2,new,0,,
describe,A1,new,0,,
description,A1,new,0,,
desert,A2,new,0,,
deserve,B2,new,0,,
designer,A2,new,0,,
desk,A1,new,0,,
desperate,B2,new,0,,
despite,B1,new,0,,
destination,B1,new,0,,
destroy,A2,new,0,,
detail,A1,new,0,,
detailed,B2,new,0,,
detect,B2,new,0,,
detective,A2,new,0,,
determine,B1,new,0,,
determined,B1,new,0,,
develop,A2,new,0,,
development,B1,new,0,,
device,A2,new,0,,
diagram,B1,new,0,,
dialogue,A1,new,0,,
diamond,B1,new,0,,
diary,A2,new,0,,
dictionary,A1,new,0,,
die,A1,new,0,,
diet,A1,new,0,,
difference,A1,new,0,,
different,A1,new,0,,
differently,A2,new,0,,
difficult,A1,new,0,,
difficulty,B1,new,0,,
dig,B2,new,0,,
digital,A2,new,0,,
dinner,A1,new,0,,
direct,A2,new,0,,
direction,A2,new,0,,
directly,B1,new,0,,
director,A2,new,0,,
dirt,B1,new,0,,
dirty,A1,new,0,,
disadvantage,B1,new,0,,
disagree,A2,new,0,,
disappear,A2,new,0,,
disappointed,B1,new,0,,
disappointing,B1,new,0,,
disaster,A2,new,0,,
disc,B2,new,0,,
discipline,B2,new,0,,
discount,B1,new,0,,
discover,A2,new,0,,
discovery,A2,new,0,,
discuss,A1,new,0,,
discussion,A2,new,0,,
disease,A2,new,0,,
dish,A1,new,0,,
dishonest,B2,new,0,,
dismiss,B2,new,0,,
distance,A2,new,0,,
distribute,B2,new,0,,
distribution,B2,new,0,,
district,B2,new,0,,
divide,B1,new,0,,
division,B2,new,0,,
divorced,A2,new,0,,
doctor,A1,new,0,,
document,A2,new,0,,
documentary,B1,new,0,,
dog,A1,new,0,,
dollar,A1,new,0,,
domestic,B2,new,0,,
dominate,B2,new,0,,
donate,B1,new,0,,
door,A1,new,0,,
downstairs,A1,new,0,,
downwards,B2,new,0,,
drag,B2,new,0,,
drama,A2,new,0,,
dramatic,B2,new,0,,
draw,A1,new,0,,
drawing,A2,new,0,,
dressed,B1,new,0,,
drive,A1,new,0,,
driver,A1,new,0,,
driving,A2,new,0,,
drop,A2,new,0,,
drug,A2,new,0,,
drum,B1,new,0,,
drunk,B1,new,0,,
due,B1,new,0,,
during,A1,new,0,,
dust,B1,new,0,,
duty,B1,new,0,,
dvd,A1,new,0,,
ear,A1,new,0,,
earn,A2,new,0,,
earth,A2,new,0,,
earthquake,B1,new,0,,
easily,A2,new,0,,
eastern,B1,new,0,,
easy,A1,new,0,,
eat,A1,new,0,,
economic,B1,new,0,,
economy,B1,new,0,,
edge,B1,new,0,,
edit,B2,new,0,,
edition,B2,new,0,,
editor,B1,new,0,,
educate,B1,new,0,,
educated,B1,new,0,,
education,A2,new,0,,
educational,B1,new,0,,
effect,A2,new,0,,
effective,B1,new,0,,
effectively,B1,new,0,,
efficient,B2,new,0,,
effort,B1,new,0,,
egg,A1,new,0,,
eight number,A1,new,0,,
eighteen number,A1,new,0,,
eighty number,A1,new,0,,
elderly,B2,new,0,,
elect,B2,new,0,,
election,B1,new,0,,
electric,A2,new,0,,
electrical,A2,new,0,,
electricity,A2,new,0,,
electronic,A2,new,0,,
element,B1,new,0,,
elephant,A1,new,0,,
eleven number,A1,new,0,,
else,A1,new,0,,
elsewhere,B2,new,0,,
embarrassed,B1,new,0,,
embarrassing,B1,new,0,,
emerge,B2,new,0,,
emergency,B1,new,0,,
emotion,B1,new,0,,
emotional,B2,new,0,,
emphasis,B2,new,0,,
emphasize,B2,new,0,,
employ,A2,new,0,,
employee,A2,new,0,,
employer,A2,new,0,,
employment,B1,new,0,,
empty,A2,new,0,,
enable,B2,new,0,,
encourage,B1,new,0,,
ending,A2,new,0,,
enemy,B1,new,0,,
energy,A2,new,0,,
engage,B2,new,0,,
engaged,B1,new,0,,
engine,A2,new,0,,
engineer,A2,new,0,,
engineering,B1,new,0,,
enhance,B2,new,0,,
enjoy,A1,new,0,,
enormous,A2,new,0,,
enquiry,B2,new,0,,
ensure,B2,new,0,,
enter,A2,new,0,,
entertain,B1,new,0,,
entertainment,B1,new,0,,
enthusiasm,B2,new,0,,
enthusiastic,B2,new,0,,
entire,B2,new,0,,
entirely,B2,new,0,,
entrance,B1,new,0,,
entry,B1,new,0,,
environment,A2,new,0,,
environmental,B1,new,0,,
episode,B1,new,0,,
equally,B1,new,0,,
equipment,A2,new,0,,
error,A2,new,0,,
especially,A2,new,0,,
essay,A2,new,0,,
essential,B1,new,0,,
establish,B2,new,0,,
estate,B2,new,0,,
ethical,B2,new,0,,
euro,A1,new,0,,
evaluate,B2,new,0,,
even,A1,new,0,,
evening,A1,new,0,,
event,A1,new,0,,
eventually,B1,new,0,,
ever,A1,new,0,,
every,A1,new,0,,
everybody,A1,new,0,,
everyday,A2,new,0,,
everyone,A1,new,0,,
everything,A1,new,0,,
everywhere,A2,new,0,,
evidence,A2,new,0,,
exact,A2,new,0,,
exactly,A2,new,0,,
exam,A1,new,0,,
examination,B2,new,0,,
examine,B1,new,0,,
example,A1,new,0,,
excellent,A2,new,0,,
except,A2,new,0,,
excited,A1,new,0,,
excitement,B1,new,0,,
exciting,A1,new,0,,
exhibition,B1,new,0,,
exist,A2,new,0,,
existence,B2,new,0,,
expand,B1,new,0,,
expect,A2,new,0,,
expectation,B2,new,0,,
expected,B1,new,0,,
expedition,B1,new,0,,
expense,B2,new,0,,
expensive,A1,new,0,,
experience,A2,new,0,,
experienced,B1,new,0,,
experiment,A2,new,0,,
explain,A1,new,0,,
explanation,A2,new,0,,
explode,B1,new,0,,
exploration,B2,new,0,,
explore,B1,new,0,,
explosion,B1,new,0,,
expose,B2,new,0,,
express,A2,new,0,,
expression,A2,new,0,,
extend,B2,new,0,,
extent,B2,new,0,,
external,B2,new,0,,
extra,A1,new,0,,
extraordinary,B2,new,0,,
extreme,A2,new,0,,
extremely,A2,new,0,,
eye,A1,new,0,,
face,A1,new,0,,
facility,B2,new,0,,
fact,A1,new,0,,
factor,A2,new,0,,
factory,A2,new,0,,
fail,A2,new,0,,
failure,B2,new,0,,
fair,A2,new,0,,
fairly,B1,new,0,,
faith,B2,new,0,,
fall,A1,new,0,,
false,A1,new,0,,
familiar,B1,new,0,,
famous,A1,new,0,,
fan,A2,new,0,,
fantastic,A1,new,0,,
far,A1,new,0,,
farm,A1,new,0,,
farmer,A1,new,0,,
farming,A2,new,0,,
fascinating,B1,new,0,,
fashion,A2,new,0,,
fashionable,B1,new,0,,
fasten,B1,new,0,,
fat,A1,new,0,,
father,A1,new,0,,
fault,B2,new,0,,
favour,B1,new,0,,
fear,A2,new,0,,
feather,B2,new,0,,
feature,A2,new,0,,
february,A1,new,0,,
fee,B2,new,0,,
feed,A2,new,0,,
feedback,B2,new,0,,
feel,A1,new,0,,
feeling,A1,new,0,,
fellow,B2,new,0,,
fence,B1,new,0,,
festival,A1,new,0,,
fiction,A2,new,0,,
field,A2,new,0,,
fifteen number,A1,new,0,,
fifth number,A1,new,0,,
fifty number,A1,new,0,,
fighting,B1,new,0,,
figure,A2,new,0,,
file,B1,new,0,,
fill,A1,new,0,,
film,A1,new,0,,
final,A1,new,0,,
finally,A2,new,0,,
financial,B1,new,0,,
find,A1,new,0,,
finding,B2,new,0,,
fine,A1,new,0,,
finger,A2,new,0,,
finish,A1,new,0,,
fire,A1,new,0,,
firm,B2,new,0,,
firstly,A2,new,0,,
fish,A1,new,0,,
fishing,A2,new,0,,
fitness,B1,new,0,,
five number,A1,new,0,,
fix,A2,new,0,,
fixed,B1,new,0,,
flag,B1,new,0,,
flame,B2,new,0,,
flat,A1,new,0,,
flexible,B2,new,0,,
flight,A1,new,0,,
float,B2,new,0,,
floor,A1,new,0,,
flour,B1,new,0,,
flower,A1,new,0,,
flu,A2,new,0,,
fly,A1,new,0,,
fold,B1,new,0,,
folding,B2,new,0,,
follow,A1,new,0,,
following,A2,new,0,,
food,A1,new,0,,
foot,A1,new,0,,
football,A1,new,0,,
for,A1,new,0,,
foreign,A2,new,0,,
forest,A2,new,0,,
forever,B1,new,0,,
forget,A1,new,0,,
forgive,B2,new,0,,
fork,A2,new,0,,
formal,A2,new,0,,
former,B2,new,0,,
fortunately,A2,new,0,,
fortune,B2,new,0,,
forty number,A1,new,0,,
forward,A2,new,0,,
found,B2,new,0,,
four number,A1,new,0,,
fourteen number,A1,new,0,,
fourth number,A1,new,0,,
free,A1,new,0,,
freedom,B2,new,0,,
freeze,B1,new,0,,
frequency,B2,new,0,,
frequently,B1,new,0,,
fresh,A2,new,0,,
friday,A1,new,0,,
fridge,A2,new,0,,
friend,A1,new,0,,
friendly,A1,new,0,,
friendship,B1,new,0,,
frighten,B1,new,0,,
frightened,B1,new,0,,
frightening,B1,new,0,,
frog,A2,new,0,,
from,A1,new,0,,
frozen,B1,new,0,,
fruit,A1,new,0,,
fry,B1,new,0,,
fuel,B1,new,0,,
full,A1,new,0,,
fully,B2,new,0,,
fun,A1,new,0,,
function,B1,new,0,,
fundamental,B2,new,0,,
funding,B2,new,0,,
funny,A1,new,0,,
fur,B1,new,0,,
furniture,A2,new,0,,
further,A2,new,0,,
furthermore,B2,new,0,,
future,A1,new,0,,
gallery,A2,new,0,,
game,A1,new,0,,
gang,B2,new,0,,
gap,A2,new,0,,
garage,B1,new,0,,
garden,A1,new,0,,
gas,A2,new,0,,
gate,A2,new,0,,
gather,B1,new,0,,
general,A2,new,0,,
generally,B1,new,0,,
generate,B2,new,0,,
generation,B1,new,0,,
generous,B1,new,0,,
genre,B2,new,0,,
gentle,B1,new,0,,
gentleman,B1,new,0,,
geography,A1,new,0,,
get,A1,new,0,,
ghost,B1,new,0,,
gift,A2,new,0,,
girl,A1,new,0,,
girlfriend,A1,new,0,,
give,A1,new,0,,
glad,B1,new,0,,
glass,A1,new,0,,
global,B1,new,0,,
glove,B1,new,0,,
go,A1,new,0,,
goal,A2,new,0,,
god,A2,new,0,,
golf,A2,new,0,,
good,A1,new,0,,
goods,B1,new,0,,
govern,B2,new,0,,
government,A2,new,0,,
grab,B2,new,0,,
grade,B1,new,0,,
gradually,B2,new,0,,
grain,B1,new,0,,
grand,B2,new,0,,
grandfather,A1,new,0,,
grandmother,A1,new,0,,
grandparent,A1,new,0,,
grass,A2,new,0,,
grateful,B1,new,0,,
great,A1,new,0,,
greet,A2,new,0,,
ground,A2,new,0,,
group,A1,new,0,,
grow,A1,new,0,,
growth,B1,new,0,,
guest,A2,new,0,,
guilty,B1,new,0,,
guitar,A1,new,0,,
gun,A2,new,0,,
guy,A2,new,0,,
gym,A1,new,0,,
habit,A2,new,0,,
hair,A1,new,0,,
hall,A2,new,0,,
hand,A1,new,0,,
hang,B1,new,0,,
happen,A1,new,0,,
happily,A2,new,0,,
happiness,B1,new,0,,
happy,A1,new,0,,
hardly,B1,new,0,,
harmful,B2,new,0,,
hat,A1,new,0,,
hate,A1,new,0,,
have,A1,new,0,,
he,A1,new,0,,
head,A1,new,0,,
headache,A2,new,0,,
headline,B1,new,0,,
health,A1,new,0,,
healthy,A1,new,0,,
hear,A1,new,0,,
hearing,B2,new,0,,
heart,A2,new,0,,
heating,B1,new,0,,
heaven,B2,new,0,,
heavily,B1,new,0,,
heavy,A2,new,0,,
heel,B2,new,0,,
height,A2,new,0,,
helicopter,B1,new,0,,
hell,B2,new,0,,
helpful,A2,new,0,,
here,A1,new,0,,
hero,A2,new,0,,
hers,A2,new,0,,
herself,A2,new,0,,
hesitate,B2,new,0,,
hey,A1,new,0,,
hi,A1,new,0,,
hide,A2,new,0,,
high,A1,new,0,,
highly,B1,new,0,,
hill,A2,new,0,,
him,A1,new,0,,
himself,A2,new,0,,
hire,B1,new,0,,
his,A1,new,0,,
historic,B1,new,0,,
historical,B1,new,0,,
history,A1,new,0,,
hobby,A1,new,0,,
hockey,A2,new,0,,
hold,A2,new,0,,
hole,A2,new,0,,
holiday,A1,new,0,,
hollow,B2,new,0,,
holy,B2,new,0,,
homework,A1,new,0,,
honest,B1,new,0,,
hope,A1,new,0,,
horrible,B1,new,0,,
horror,B1,new,0,,
horse,A1,new,0,,
hospital,A1,new,0,,
host,B1,new,0,,
hot,A1,new,0,,
hotel,A1,new,0,,
hour,A1,new,0,,
house,A1,new,0,,
household,B2,new,0,,
housing,B2,new,0,,
how,A1,new,0,,
however,A1,new,0,,
huge,A2,new,0,,
humorous,B2,new,0,,
humour,B2,new,0,,
hundred number,A1,new,0,,
hungry,A1,new,0,,
hunt,B1,new,0,,
hunting,B2,new,0,,
hurricane,B1,new,0,,
husband,A1,new,0,,
ice,A1,new,0,,
idea,A1,new,0,,
ideal,A2,new,0,,
identify,A2,new,0,,
identity,B1,new,0,,
if,A1,new,0,,
ignore,B1,new,0,,
ill,A2,new,0,,
illegal,B1,new,0,,
illness,A2,new,0,,
illustrate,B2,new,0,,
illustration,B2,new,0,,
image,A2,new,0,,
imaginary,B1,new,0,,
imagination,B2,new,0,,
imagine,A1,new,0,,
immediate,B1,new,0,,
immediately,A2,new,0,,
immigrant,B1,new,0,,
impatient,B2,new,0,,
imply,B2,new,0,,
importance,B1,new,0,,
important,A1,new,0,,
impose,B2,new,0,,
impossible,A2,new,0,,
impress,B2,new,0,,
impressed,B2,new,0,,
impression,B1,new,0,,
impressive,B1,new,0,,
improve,A1,new,0,,
improvement,B1,new,0,,
inch,B2,new,0,,
incident,B2,new,0,,
include,A1,new,0,,
included,A2,new,0,,
including,A2,new,0,,
income,B2,new,0,,
increasingly,B2,new,0,,
incredible,A2,new,0,,
incredibly,B1,new,0,,
indeed,B1,new,0,,
independent,A2,new,0,,
indicate,B1,new,0,,
indirect,B1,new,0,,
indoor,B1,new,0,,
indoors,B1,new,0,,
industrial,B2,new,0,,
industry,A2,new,0,,
infection,B2,new,0,,
inform,B2,new,0,,
informal,A2,new,0,,
information,A1,new,0,,
ingredient,B1,new,0,,
initial,B2,new,0,,
initially,B2,new,0,,
initiative,B2,new,0,,
injure,B1,new,0,,
injured,B1,new,0,,
injury,A2,new,0,,
inner,B2,new,0,,
innocent,B1,new,0,,
insect,A2,new,0,,
insight,B2,new,0,,
insist,B2,new,0,,
inspire,B2,new,0,,
install,B2,new,0,,
instance,B2,new,0,,
instead,A2,new,0,,
institute,B2,new,0,,
institution,B2,new,0,,
instruction,A2,new,0,,
instructor,A2,new,0,,
instrument,A2,new,0,,
insurance,B2,new,0,,
intelligence,B1,new,0,,
intelligent,A2,new,0,,
intend,B1,new,0,,
intended,B2,new,0,,
intense,B2,new,0,,
intention,B1,new,0,,
interested,A1,new,0,,
interesting,A1,new,0,,
internal,B2,new,0,,
international,A2,new,0,,
internet,A1,new,0,,
interpret,B2,new,0,,
interrupt,B2,new,0,,
into,A1,new,0,,
introduce,A1,new,0,,
introduction,A2,new,0,,
invent,A2,new,0,,
invention,A2,new,0,,
invest,B1,new,0,,
investigate,B1,new,0,,
investigation,B2,new,0,,
investment,B2,new,0,,
invitation,A2,new,0,,
invite,A2,new,0,,
involve,A2,new,0,,
involved,B1,new,0,,
island,A1,new,0,,
issue,B1,new,0,,
it,B1,new,0,,
item,A2,new,0,,
its,A1,new,0,,
itself,A2,new,0,,
jacket,A1,new,0,,
jam,A2,new,0,,
january,A1,new,0,,
jazz,A2,new,0,,
jeans,A1,new,0,,
jewellery,A2,new,0,,
job,A1,new,0,,
join,A1,new,0,,
journal,B1,new,0,,
journalist,A2,new,0,,
journey,A1,new,0,,
joy,B2,new,0,,
judgement,B2,new,0,,
juice,A1,new,0,,
july,A1,new,0,,
june,A1,new,0,,
junior,B2,new,0,,
just,A1,new,0,,
justice,B2,new,0,,
justify,B2,new,0,,
keen,B1,new,0,,
keep,A1,new,0,,
keyboard,B1,new,0,,
kid,A2,new,0,,
kill,A2,new,0,,
killing,B1,new,0,,
kilometre,A1,new,0,,
king,A2,new,0,,
kitchen,A1,new,0,,
knee,A2,new,0,,
knife,A2,new,0,,
knock,A2,new,0,,
know,A1,new,0,,
knowledge,A2,new,0,,
lab,A2,new,0,,
laboratory,B1,new,0,,
labour,B2,new,0,,
lady,A2,new,0,,
lake,A2,new,0,,
lamp,A2,new,0,,
land,A1,new,0,,
landscape,B2,new,0,,
language,A1,new,0,,
laptop,A2,new,0,,
large,A1,new,0,,
largely,B2,new,0,,
later,A1,new,0,,
latest,B1,new,0,,
laughter,A2,new,0,,
law,A2,new,0,,
lawyer,A2,new,0,,
lay,B1,new,0,,
layer,B1,new,0,,
lazy,A2,new,0,,
leader,A2,new,0,,
leadership,B2,new,0,,
leading,B1,new,0,,
leaf,B1,new,0,,
league,B2,new,0,,
lean,B2,new,0,,
learn,A1,new,0,,
learning,A2,new,0,,
leather,B1,new,0,,
leave,A1,new,0,,
leg,A1,new,0,,
legal,B1,new,0,,
leisure,B1,new,0,,
lemon,A2,new,0,,
lend,A2,new,0,,
length,B1,new,0,,
lesson,A1,new,0,,
let,A1,new,0,,
letter,A1,new,0,,
level,A2,new,0,,
library,A1,new,0,,
licence,B2,new,0,,
life,A1,new,0,,
lifestyle,A2,new,0,,
likely,A2,new,0,,
limited,B2,new,0,,
line,A1,new,0,,
lion,A1,new,0,,
lip,B1,new,0,,
listen,A1,new,0,,
listener,A2,new,0,,
literature,B1,new,0,,
lively,B2,new,0,,
loan,B2,new,0,,
local,A1,new,0,,
locate,B1,new,0,,
located,B1,new,0,,
location,B1,new,0,,
logical,B2,new,0,,
lonely,B1,new,0,,
look,A1,new,0,,
loose,B2,new,0,,
lord,B2,new,0,,
lorry,A2,new,0,,
lose,A1,new,0,,
loss,B1,new,0,,
lost,A2,new,0,,
loudly,A2,new,0,,
lovely,A2,new,0,,
lower,B2,new,0,,
luck,A2,new,0,,
lucky,A2,new,0,,
lunch,A1,new,0,,
lung,B2,new,0,,
luxury,B1,new,0,,
machine,A1,new,0,,
mad,B1,new,0,,
magazine,A1,new,0,,
main,A1,new,0,,
mainly,B1,new,0,,
maintain,B2,new,0,,
major,A2,new,0,,
majority,B2,new,0,,
make,A1,new,0,,
mall,B1,new,0,,
man,A1,new,0,,
manage,A2,new,0,,
management,B1,new,0,,
manager,A2,new,0,,
manner,A2,new,0,,
map,A1,new,0,,
march,A1,new,0,,
market,A1,new,0,,
marketing,B1,new,0,,
marriage,B1,new,0,,
married,A1,new,0,,
marry,A2,new,0,,
massive,B2,new,0,,
matching,B2,new,0,,
material,A2,new,0,,
mathematics,A2,new,0,,
maths,A2,new,0,,
may,A1,new,0,,
may modal,A2,new,0,,
maybe,A1,new,0,,
me,A1,new,0,,
meal,A1,new,0,,
mean,A1,new,0,,
meaning,A1,new,0,,
means,B2,new,0,,
meanwhile,B1,new,0,,
measurement,B2,new,0,,
meat,A1,new,0,,
media,A2,new,0,,
medical,A2,new,0,,
medicine,A2,new,0,,
medium,B1,new,0,,
meet,A1,new,0,,
meeting,A1,new,0,,
melt,B2,new,0,,
member,A1,new,0,,
memory,A2,new,0,,
mental,B1,new,0,,
mention,A2,new,0,,
menu,A1,new,0,,
message,A1,new,0,,
metal,A2,new,0,,
method,A2,new,0,,
metre,A1,new,0,,
midnight,A1,new,0,,
might modal,A2,new,0,,
mild,B1,new,0,,
mile,A1,new,0,,
milk,A1,new,0,,
million number,A1,new,0,,
mineral,B2,new,0,,
minister,B2,new,0,,
minor,B2,new,0,,
minority,B2,new,0,,
mirror,A2,new,0,,
miss,A1,new,0,,
missing,A2,new,0,,
mission,B2,new,0,,
mistake,A1,new,0,,
mixed,B2,new,0,,
mixture,B1,new,0,,
model,A1,new,0,,
modern,A1,new,0,,
modify,B2,new,0,,
moment,A1,new,0,,
monday,A1,new,0,,
money,A1,new,0,,
monkey,A2,new,0,,
month,A1,new,0,,
mood,B1,new,0,,
moon,A2,new,0,,
morning,A1,new,0,,
mostly,A2,new,0,,
mother,A1,new,0,,
motorcycle,A2,new,0,,
mount,B2,new,0,,
mountain,A1,new,0,,
mouse,A1,new,0,,
mouth,A1,new,0,,
move,A1,new,0,,
movement,A2,new,0,,
movie,A1,new,0,,
mud,B1,new,0,,
multiple,B2,new,0,,
multiply,B2,new,0,,
mum,A1,new,0,,
muscle,B1,new,0,,
museum,A1,new,0,,
music,A1,new,0,,
musical,A2,new,0,,
musician,A2,new,0,,
must modal,A1,new,0,,
my,A1,new,0,,
myself,A2,new,0,,
mysterious,B2,new,0,,
mystery,B1,new,0,,
nail,B1,new,0,,
narrow,A2,new,0,,
nation,B1,new,0,,
national,A2,new,0,,
natural,A1,new,0,,
naturally,B1,new,0,,
nature,A2,new,0,,
nearly,A2,new,0,,
neat,B2,new,0,,
necessarily,B1,new,0,,
necessary,A2,new,0,,
neck,A2,new,0,,
need,A1,new,0,,
needle,B1,new,0,,
negative,A1,new,0,,
neighbour,A1,new,0,,
neighbourhood,B1,new,0,,
nerve,B2,new,0,,
nervous,A2,new,0,,
net,B1,new,0,,
network,A2,new,0,,
never,A1,new,0,,
nevertheless,B2,new,0,,
new,A1,new,0,,
news,A1,new,0,,
newspaper,A1,new,0,,
nice,A1,new,0,,
night,A1,new,0,,
nightmare,B2,new,0,,
nine number,A1,new,0,,
nineteen number,A1,new,0,,
ninety number,A1,new,0,,
nobody,A1,new,0,,
noise,A2,new,0,,
noisy,A2,new,0,,
none,A2,new,0,,
normal,A2,new,0,,
normally,A2,new,0,,
northern,B1,new,0,,
nose,A1,new,0,,
not,A1,new,0,,
note,A1,new,0,,
nothing,A1,new,0,,
notion,B2,new,0,,
novel,A2,new,0,,
november,A1,new,0,,
now,A1,new,0,,
nowhere,A2,new,0,,
nuclear,B1,new,0,,
number,A1,new,0,,
numerous,B2,new,0,,
nurse,A1,new,0,,
nut,A2,new,0,,
obey,B2,new,0,,
object,A1,new,0,,
obligation,B2,new,0,,
observation,B2,new,0,,
observe,B2,new,0,,
obtain,B2,new,0,,
obvious,B1,new,0,,
obviously,B1,new,0,,
occasion,B1,new,0,,
occasionally,B2,new,0,,
occur,B1,new,0,,
ocean,A2,new,0,,
october,A1,new,0,,
odd,B1,new,0,,
of,A1,new,0,,
offence,B2,new,0,,
offend,B2,new,0,,
offensive,B2,new,0,,
office,A1,new,0,,
officer,A2,new,0,,
official,B1,new,0,,
often,A1,new,0,,
oh,A1,new,0,,
oil,A2,new,0,,
old,A1,new,0,,
old-fashioned,B1,new,0,,
once,A1,new,0,,
onion,A1,new,0,,
onto,A2,new,0,,
opening,B2,new,0,,
operate,B2,new,0,,
operation,B1,new,0,,
opinion,A1,new,0,,
opponent,B2,new,0,,
opportunity,A2,new,0,,
oppose,B2,new,0,,
opposed,B2,new,0,,
opposition,B2,new,0,,
option,A2,new,0,,
or,A1,new,0,,
ordinary,A2,new,0,,
organ,B2,new,0,,
organization,A2,new,0,,
organize,A2,new,0,,
organized,B1,new,0,,
organizer,B1,new,0,,
origin,B2,new,0,,
original,A2,new,0,,
originally,B1,new,0,,
otherwise,B2,new,0,,
ought modal,B1,new,0,,
our,A1,new,0,,
ours,B1,new,0,,
ourselves,A2,new,0,,
outcome,B2,new,0,,
outdoor,B1,new,0,,
outdoors,B1,new,0,,
outer,B2,new,0,,
outside,A1,new,0,,
oven,A2,new,0,,
owe,B2,new,0,,
owner,A2,new,0,,
pack,A2,new,0,,
package,B1,new,0,,
page,A1,new,0,,
pain,A2,new,0,,
painful,B1,new,0,,
painter,A2,new,0,,
painting,A1,new,0,,
pair,A1,new,0,,
palace,A2,new,0,,
pale,B1,new,0,,
pan,B1,new,0,,
panel,B2,new,0,,
pants,A2,new,0,,
paper,A1,new,0,,
paragraph,A1,new,0,,
parent,A1,new,0,,
parking,A2,new,0,,
parliament,B2,new,0,,
part,A1,new,0,,
participant,B2,new,0,,
participate,B1,new,0,,
particular,A2,new,0,,
particularly,B1,new,0,,
partly,B2,new,0,,
partner,A1,new,0,,
party,A1,new,0,,
pass,A2,new,0,,
passage,B2,new,0,,
passenger,A2,new,0,,
passion,B1,new,0,,
passport,A1,new,0,,
path,B1,new,0,,
patient,A2,new,0,,
pattern,A2,new,0,,
pay,A1,new,0,,
payment,B1,new,0,,
peace,A2,new,0,,
peaceful,B1,new,0,,
pen,A1,new,0,,
pencil,A1,new,0,,
penny,A2,new,0,,
people,A1,new,0,,
pepper,A1,new,0,,
per,A2,new,0,,
percentage,B1,new,0,,
perfect,A1,new,0,,
perfectly,B1,new,0,,
perform,A2,new,0,,
performance,B1,new,0,,
perhaps,A2,new,0,,
period,A1,new,0,,
permanent,B2,new,0,,
permission,A2,new,0,,
person,A1,new,0,,
personal,A1,new,0,,
personality,A2,new,0,,
personally,B1,new,0,,
perspective,B2,new,0,,
persuade,B1,new,0,,
pet,A2,new,0,,
petrol,A2,new,0,,
phase,B2,new,0,,
phenomenon,B2,new,0,,
philosophy,B2,new,0,,
photo,A1,new,0,,
photograph,A1,new,0,,
photographer,B1,new,0,,
photography,B1,new,0,,
phrase,A1,new,0,,
physical,A2,new,0,,
physics,A2,new,0,,
piano,A1,new,0,,
pick,A2,new,0,,
picture,A1,new,0,,
piece,A1,new,0,,
pig,A1,new,0,,
pilot,A2,new,0,,
pipe,B1,new,0,,
pitch,B2,new,0,,
place,A1,new,0,,
plain,B2,new,0,,
plane,A1,new,0,,
planet,A2,new,0,,
planning,B1,new,0,,
plant,A1,new,0,,
plate,A2,new,0,,
platform,A2,new,0,,
player,A1,new,0,,
pleasant,B1,new,0,,
please,A1,new,0,,
pleased,A2,new,0,,
pleasure,B1,new,0,,
plenty,B1,new,0,,
plot,B1,new,0,,
pocket,A2,new,0,,
poem,B1,new,0,,
poet,B1,new,0,,
poetry,B1,new,0,,
point,A1,new,0,,
pointed,B2,new,0,,
poisonous,B1,new,0,,
police,A1,new,0,,
policeman,A1,new,0,,
policy,B1,new,0,,
polite,A2,new,0,,
political,B1,new,0,,
politician,B1,new,0,,
politics,B1,new,0,,
pollution,A2,new,0,,
pool,A1,new,0,,
poor,A1,new,0,,
popular,A1,new,0,,
popularity,B2,new,0,,
population,A2,new,0,,
port,B1,new,0,,
portrait,B1,new,0,,
pose,B2,new,0,,
position,A2,new,0,,
positive,A1,new,0,,
possess,B2,new,0,,
possession,A2,new,0,,
possibility,A2,new,0,,
possible,A1,new,0,,
possibly,B1,new,0,,
poster,A2,new,0,,
pot,B1,new,0,,
potato,A1,new,0,,
pound,A1,new,0,,
pour,B1,new,0,,
poverty,B1,new,0,,
powder,B1,new,0,,
power,A2,new,0,,
powerful,B1,new,0,,
practical,B1,new,0,,
practice,A1,new,0,,
practise,A1,new,0,,
pray,B1,new,0,,
prayer,B1,new,0,,
predict,A2,new,0,,
prediction,B1,new,0,,
prefer,A1,new,0,,
pregnant,B2,new,0,,
preparation,B2,new,0,,
prepare,A1,new,0,,
prepared,B1,new,0,,
presence,B2,new,0,,
presentation,B1,new,0,,
preserve,B2,new,0,,
president,A2,new,0,,
pressure,B1,new,0,,
pretend,B1,new,0,,
prevent,A2,new,0,,
previous,B1,new,0,,
previously,B1,new,0,,
price,A1,new,0,,
priest,B1,new,0,,
primary,B1,new,0,,
prime,B2,new,0,,
prince,B1,new,0,,
princess,B1,new,0,,
principle,B2,new,0,,
print,A2,new,0,,
printer,A2,new,0,,
printing,B1,new,0,,
priority,B2,new,0,,
prison,A2,new,0,,
prisoner,B1,new,0,,
privacy,B2,new,0,,
private,B1,new,0,,
prize,A2,new,0,,
probably,A1,new,0,,
problem,A1,new,0,,
procedure,B2,new,0,,
process,A2,new,0,,
produce,A2,new,0,,
producer,B1,new,0,,
product,A1,new,0,,
production,B1,new,0,,
profession,B1,new,0,,
professional,A2,new,0,,
professor,A2,new,0,,
profile,A2,new,0,,
profit,B1,new,0,,
program,A2,new,0,,
programme,A1,new,0,,
progress,A2,new,0,,
project,A1,new,0,,
promote,B1,new,0,,
pronounce,A2,new,0,,
proof,B2,new,0,,
proper,B1,new,0,,
properly,B1,new,0,,
property,B1,new,0,,
proposal,B2,new,0,,
propose,B2,new,0,,
prospect,B2,new,0,,
protect,A2,new,0,,
protection,B2,new,0,,
proud,B1,new,0,,
prove,B1,new,0,,
provide,A2,new,0,,
psychologist,B2,new,0,,
psychology,B2,new,0,,
pub,A2,new,0,,
publication,B2,new,0,,
publish,A2,new,0,,
pull,A2,new,0,,
punish,B1,new,0,,
punishment,B1,new,0,,
pupil,B2,new,0,,
pure,B2,new,0,,
purpose,A2,new,0,,
pursue,B2,new,0,,
push,A2,new,0,,
put,A1,new,0,,
qualification,B1,new,0,,
qualified,B1,new,0,,
qualify,B1,new,0,,
quality,A2,new,0,,
quantity,A2,new,0,,
quarter,A1,new,0,,
queen,A2,new,0,,
question,A1,new,0,,
quick,A1,new,0,,
quickly,A1,new,0,,
quiet,A1,new,0,,
quietly,A2,new,0,,
quit,B1,new,0,,
quite,A1,new,0,,
quotation,B1,new,0,,
racing,B1,new,0,,
radio,A1,new,0,,
railway,A2,new,0,,
raise,A2,new,0,,
range,B1,new,0,,
rapid,B2,new,0,,
rapidly,B2,new,0,,
rare,B1,new,0,,
rarely,B1,new,0,,
rate,A2,new,0,,
rather,A2,new,0,,
raw,B2,new,0,,
reach,A2,new,0,,
react,A2,new,0,,
reaction,B1,new,0,,
read,A1,new,0,,
reader,A1,new,0,,
reading,A1,new,0,,
ready,A1,new,0,,
real,A1,new,0,,
realistic,B2,new,0,,
reality,B1,new,0,,
realize,A2,new,0,,
really,A1,new,0,,
reason,A1,new,0,,
reasonable,B2,new,0,,
recall,B2,new,0,,
receipt,B1,new,0,,
receive,A2,new,0,,
recent,A2,new,0,,
recently,A2,new,0,,
reception,A2,new,0,,
recipe,A2,new,0,,
recognize,A2,new,0,,
recommend,A2,new,0,,
recommendation,B1,new,0,,
recording,A2,new,0,,
recover,B2,new,0,,
recycle,A2,new,0,,
reduce,A2,new,0,,
reduction,B2,new,0,,
refer,A2,new,0,,
reference,B1,new,0,,
reflect,B1,new,0,,
region,A2,new,0,,
regional,B2,new,0,,
regular,A2,new,0,,
regularly,B1,new,0,,
regulation,B2,new,0,,
reject,B1,new,0,,
relate,B1,new,0,,
related,B1,new,0,,
relation,B1,new,0,,
relationship,A2,new,0,,
relatively,B2,new,0,,
relax,A1,new,0,,
relaxed,B1,new,0,,
relaxing,B1,new,0,,
relevant,B2,new,0,,
reliable,B1,new,0,,
relief,B2,new,0,,
religion,B1,new,0,,
religious,B1,new,0,,
rely,B2,new,0,,
remain,B1,new,0,,
remember,A1,new,0,,
remind,B1,new,0,,
remote,B1,new,0,,
remove,A2,new,0,,
repair,A2,new,0,,
repeat,A1,new,0,,
repeated,B1,new,0,,
replace,A2,new,0,,
report,A1,new,0,,
reporter,A2,new,0,,
represent,B1,new,0,,
reputation,B2,new,0,,
request,A2,new,0,,
require,B1,new,0,,
requirement,B2,new,0,,
researcher,A2,new,0,,
reservation,B1,new,0,,
resist,B2,new,0,,
resolve,B2,new,0,,
resort,B2,new,0,,
resource,B1,new,0,,
respond,A2,new,0,,
response,A2,new,0,,
responsibility,B1,new,0,,
responsible,B1,new,0,,
restaurant,A1,new,0,,
result,A1,new,0,,
retain,B2,new,0,,
retire,B1,new,0,,
retired,B1,new,0,,
reveal,B2,new,0,,
revise,B1,new,0,,
revolution,B2,new,0,,
rhythm,B2,new,0,,
rice,A1,new,0,,
rich,A1,new,0,,
rid,B2,new,0,,
ride,A1,new,0,,
rise,A2,new,0,,
river,A1,new,0,,
road,A1,new,0,,
robot,B1,new,0,,
role,A2,new,0,,
romantic,B1,new,0,,
roof,A2,new,0,,
room,A1,new,0,,
root,B2,new,0,,
rope,B1,new,0,,
rough,B1,new,0,,
route,A2,new,0,,
routine,A1,new,0,,
royal,B1,new,0,,
rub,B2,new,0,,
rubbish,A2,new,0,,
rude,A2,new,0,,
rugby,B1,new,0,,
rule,A1,new,0,,
run,A1,new,0,,
runner,A2,new,0,,
running,A2,new,0,,
rural,B2,new,0,,
sad,A1,new,0,,
sadly,A2,new,0,,
safe,A2,new,0,,
safety,B1,new,0,,
sail,A2,new,0,,
sailing,A2,new,0,,
sailor,B1,new,0,,
salad,A1,new,0,,
salary,A2,new,0,,
sale,A2,new,0,,
salt,A1,new,0,,
sample,B1,new,0,,
sand,B1,new,0,,
sandwich,A1,new,0,,
satellite,B2,new,0,,
satisfied,B2,new,0,,
satisfy,B2,new,0,,
saturday,A1,new,0,,
sauce,A2,new,0,,
save,A2,new,0,,
saving,B2,new,0,,
say,A1,new,0,,
scale,B2,new,0,,
scan,B1,new,0,,
scared,A2,new,0,,
scary,A2,new,0,,
scene,A2,new,0,,
schedule,A2,new,0,,
scheme,B2,new,0,,
school,A1,new,0,,
science,A1,new,0,,
scientific,B1,new,0,,
scientist,A1,new,0,,
screen,A2,new,0,,
script,B1,new,0,,
sculpture,B1,new,0,,
sea,A1,new,0,,
season,A2,new,0,,
seat,A2,new,0,,
secondary,B1,new,0,,
secondly,A2,new,0,,
secretary,A2,new,0,,
section,A1,new,0,,
sector,B2,new,0,,
security,B1,new,0,,
see,A1,new,0,,
seed,B1,new,0,,
seek,B2,new,0,,
seem,A2,new,0,,
select,B2,new,0,,
selection,B2,new,0,,
self,B2,new,0,,
sell,A1,new,0,,
send,A1,new,0,,
senior,B2,new,0,,
sense,A2,new,0,,
sensible,B1,new,0,,
sensitive,B2,new,0,,
sentence,A1,new,0,,
separate,A2,new,0,,
september,A1,new,0,,
sequence,B2,new,0,,
series,A2,new,0,,
serious,A2,new,0,,
seriously,B1,new,0,,
servant,B1,new,0,,
serve,A2,new,0,,
service,A2,new,0,,
session,B2,new,0,,
setting,B1,new,0,,
settle,B2,new,0,,
seven number,A1,new,0,,
seventeen number,A1,new,0,,
seventy number,A1,new,0,,
severe,B2,new,0,,
sex,B1,new,0,,
sexual,B1,new,0,,
shade,B2,new,0,,
shadow,B2,new,0,,
shake,A2,new,0,,
shall modal,A2,new,0,,
shallow,B2,new,0,,
shame,B2,new,0,,
shape,A2,new,0,,
share,A1,new,0,,
sharp,B1,new,0,,
she,A1,new,0,,
sheep,A1,new,0,,
sheet,A2,new,0,,
shelf,B1,new,0,,
shell,B1,new,0,,
shift,B1,new,0,,
shine,B1,new,0,,
shiny,B1,new,0,,
ship,A2,new,0,,
shirt,A1,new,0,,
shocked,B2,new,0,,
shoe,A1,new,0,,
shoot,B1,new,0,,
shooting,B2,new,0,,
shopping,A1,new,0,,
short,A1,new,0,,
shot,B2,new,0,,
should modal,A1,new,0,,
shoulder,A2,new,0,,
shower,A1,new,0,,
shy,B1,new,0,,
sick,A1,new,0,,
side,A2,new,0,,
sight,B1,new,0,,
significant,B2,new,0,,
significantly,B2,new,0,,
silence,B2,new,0,,
silent,B1,new,0,,
silk,B2,new,0,,
silly,B1,new,0,,
similar,A1,new,0,,
similarity,B1,new,0,,
similarly,B1,new,0,,
simple,A2,new,0,,
simply,B1,new,0,,
sincere,B2,new,0,,
sing,A1,new,0,,
singer,A1,new,0,,
singing,A2,new,0,,
sink,B1,new,0,,
sir,A2,new,0,,
sister,A1,new,0,,
sit,A1,new,0,,
site,A2,new,0,,
situation,A1,new,0,,
six number,A1,new,0,,
sixteen number,A1,new,0,,
sixty number,A1,new,0,,
size,A2,new,0,,
skiing,A2,new,0,,
skill,A1,new,0,,
skin,A2,new,0,,
skirt,A1,new,0,,
sky,A2,new,0,,
slave,B2,new,0,,
sleep,A1,new,0,,
slight,B2,new,0,,
slightly,B1,new,0,,
slip,B2,new,0,,
slow,A1,new,0,,
slowly,A2,new,0,,
small,A1,new,0,,
smart,B1,new,0,,
smartphone,A2,new,0,,
smoking,A2,new,0,,
smooth,B1,new,0,,
snake,A1,new,0,,
soap,A2,new,0,,
soccer,A2,new,0,,
social,A2,new,0,,
society,A2,new,0,,
sock,A2,new,0,,
soft,A2,new,0,,
software,B1,new,0,,
soil,B1,new,0,,
solar,B2,new,0,,
soldier,A2,new,0,,
solution,A2,new,0,,
solve,A2,new,0,,
somebody,A1,new,0,,
someone,A1,new,0,,
something,A1,new,0,,
sometimes,A1,new,0,,
somewhat,B2,new,0,,
son,A1,new,0,,
song,A1,new,0,,
soon,A1,new,0,,
sort,A2,new,0,,
soul,B2,new,0,,
soup,A1,new,0,,
source,A2,new,0,,
southern,B1,new,0,,
space,A1,new,0,,
speak,A1,new,0,,
speaker,A2,new,0,,
special,A1,new,0,,
species,B2,new,0,,
specific,A2,new,0,,
specifically,B1,new,0,,
speech,A2,new,0,,
speed,A2,new,0,,
spell,A1,new,0,,
spelling,A1,new,0,,
spend,A1,new,0,,
spending,B1,new,0,,
spicy,B1,new,0,,
spider,A2,new,0,,
spirit,B1,new,0,,
spiritual,B2,new,0,,
spoken,B1,new,0,,
spoon,A2,new,0,,
sport,A1,new,0,,
spot,B1,new,0,,
spread,B1,new,0,,
spring,A1,new,0,,
stable,B2,new,0,,
stadium,B1,new,0,,
staff,B1,new,0,,
stage,A2,new,0,,
stair,A2,new,0,,
stamp,A2,new,0,,
stand,A1,new,0,,
star,A1,new,0,,
stare,B2,new,0,,
start,A1,new,0,,
state,A2,new,0,,
statement,A1,new,0,,
station,A1,new,0,,
statistic,B1,new,0,,
statue,B1,new,0,,
status,B2,new,0,,
stay,A1,new,0,,
steady,B2,new,0,,
steal,A2,new,0,,
steel,B2,new,0,,
steep,B2,new,0,,
step,A2,new,0,,
sticky,B2,new,0,,
stiff,B2,new,0,,
still,A1,new,0,,
stock,B2,new,0,,
stomach,A2,new,0,,
stone,A2,new,0,,
store,A2,new,0,,
storm,A2,new,0,,
story,A1,new,0,,
strange,A2,new,0,,
stranger,B1,new,0,,
strategy,A2,new,0,,
stream,B2,new,0,,
street,A1,new,0,,
strength,B1,new,0,,
strict,B2,new,0,,
string,B1,new,0,,
strong,A1,new,0,,
strongly,B1,new,0,,
structure,A2,new,0,,
student,A1,new,0,,
studio,B1,new,0,,
stuff,B1,new,0,,
stupid,A2,new,0,,
style,A1,new,0,,
subject,A1,new,0,,
submit,B2,new,0,,
substance,B1,new,0,,
succeed,A2,new,0,,
success,A1,new,0,,
successful,A2,new,0,,
successfully,B1,new,0,,
sudden,B1,new,0,,
suddenly,A2,new,0,,
suffer,B1,new,0,,
sugar,A1,new,0,,
suggest,A2,new,0,,
suggestion,A2,new,0,,
suit,A2,new,0,,
suitable,B1,new,0,,
summarize,B1,new,0,,
summary,B1,new,0,,
summer,A1,new,0,,
sun,A1,new,0,,
sunday,A1,new,0,,
supermarket,A1,new,0,,
supporter,B1,new,0,,
suppose,A2,new,0,,
sure,A1,new,0,,
surely,B1,new,0,,
surface,B1,new,0,,
surgery,B2,new,0,,
surprised,A2,new,0,,
surprising,A2,new,0,,
surround,B2,new,0,,
surrounding,B2,new,0,,
survey,A2,new,0,,
survive,B1,new,0,,
swear,B2,new,0,,
sweater,A1,new,0,,
sweep,B2,new,0,,
swim,A1,new,0,,
swimming,A1,new,0,,
switch,B1,new,0,,
symbol,A2,new,0,,
sympathy,B2,new,0,,
symptom,B1,new,0,,
system,A2,new,0,,
table,A1,new,0,,
tablet,A2,new,0,,
tail,B1,new,0,,
take,A1,new,0,,
tale,B2,new,0,,
talent,B1,new,0,,
talented,B1,new,0,,
talk,A1,new,0,,
tall,A1,new,0,,
tank,B2,new,0,,
tape,B1,new,0,,
target,A2,new,0,,
task,A2,new,0,,
taxi,A1,new,0,,
tea,A1,new,0,,
teach,A1,new,0,,
teacher,A1,new,0,,
teaching,A2,new,0,,
team,A1,new,0,,
technical,B1,new,0,,
technique,B1,new,0,,
technology,A2,new,0,,
teenage,A2,new,0,,
teenager,A1,new,0,,
television,A1,new,0,,
tell,A1,new,0,,
temperature,A2,new,0,,
temporary,B2,new,0,,
ten number,A1,new,0,,
tend,B1,new,0,,
tennis,A1,new,0,,
tent,B1,new,0,,
term,A2,new,0,,
terrible,A1,new,0,,
text,A1,new,0,,
than,A1,new,0,,
thank,A1,new,0,,
the definite article,A1,new,0,,
theatre,A1,new,0,,
their,A1,new,0,,
theirs,B1,new,0,,
them,A1,new,0,,
theme,B1,new,0,,
themselves,A2,new,0,,
then,A1,new,0,,
theory,B1,new,0,,
therapy,B2,new,0,,
there,A1,new,0,,
therefore,B1,new,0,,
they,A1,new,0,,
thick,A2,new,0,,
thief,A2,new,0,,
thin,A2,new,0,,
thing,A1,new,0,,
think,A1,new,0,,
thinking,A2,new,0,,
third number,A1,new,0,,
thirsty,A1,new,0,,
thirteen number,A1,new,0,,
thirty number,A1,new,0,,
thought,A2,new,0,,
thousand number,A1,new,0,,
threat,B2,new,0,,
threaten,B2,new,0,,
three number,A1,new,0,,
throat,B1,new,0,,
throw,A2,new,0,,
thursday,A1,new,0,,
thus,B2,new,0,,
ticket,A1,new,0,,
tight,B1,new,0,,
time,A1,new,0,,
tin,B1,new,0,,
tiny,B1,new,0,,
tip,A2,new,0,,
tired,A1,new,0,,
title,A1,new,0,,
toe,B1,new,0,,
together,A1,new,0,,
toilet,A1,new,0,,
tomato,A1,new,0,,
tone,B2,new,0,,
tongue,B1,new,0,,
too,A1,new,0,,
tool,A2,new,0,,
tooth,A1,new,0,,
topic,A1,new,0,,
totally,B1,new,0,,
touch,A2,new,0,,
tough,B2,new,0,,
tour,A2,new,0,,
tourism,A2,new,0,,
tourist,A1,new,0,,
towards,A2,new,0,,
towel,A2,new,0,,
tower,A2,new,0,,
town,A1,new,0,,
track,A2,new,0,,
tradition,A2,new,0,,
traditional,A2,new,0,,
traffic,A1,new,0,,
train,A1,new,0,,
trainer,A2,new,0,,
training,A2,new,0,,
transform,B2,new,0,,
transition,B2,new,0,,
translate,B1,new,0,,
translation,B1,new,0,,
transport,A2,new,0,,
traveller,A2,new,0,,
treat,B1,new,0,,
treatment,B1,new,0,,
tree,A1,new,0,,
trend,B1,new,0,,
trial,B2,new,0,,
trip,A1,new,0,,
tropical,B2,new,0,,
trouble,A2,new,0,,
trousers,A1,new,0,,
truck,A2,new,0,,
true,A1,new,0,,
truly,B2,new,0,,
truth,B1,new,0,,
try,A1,new,0,,
t-shirt,A1,new,0,,
tube,B1,new,0,,
tuesday,A1,new,0,,
tune,B2,new,0,,
tunnel,B2,new,0,,
tv,A1,new,0,,
twelve number,A1,new,0,,
twenty number,A1,new,0,,
twice,A1,new,0,,
two number,A1,new,0,,
type,A1,new,0,,
typical,A2,new,0,,
typically,B1,new,0,,
tyre,B1,new,0,,
ugly,B1,new,0,,
ultimately,B2,new,0,,
umbrella,A1,new,0,,
unable,B1,new,0,,
uncle,A1,new,0,,
uncomfortable,B1,new,0,,
unconscious,B2,new,0,,
understand,A1,new,0,,
understanding,A2,new,0,,
underwear,B1,new,0,,
unemployed,B1,new,0,,
unemployment,B1,new,0,,
unexpected,B2,new,0,,
unfair,B1,new,0,,
unfortunately,A2,new,0,,
unhappy,A2,new,0,,
uniform,A2,new,0,,
union,B1,new,0,,
unique,B2,new,0,,
unit,A2,new,0,,
united,A2,new,0,,
universe,B2,new,0,,
university,A1,new,0,,
unknown,B2,new,0,,
unless,B1,new,0,,
unlike,B1,new,0,,
unlikely,B1,new,0,,
unnecessary,B1,new,0,,
unpleasant,B1,new,0,,
unusual,A2,new,0,,
upon,B1,new,0,,
upper,B2,new,0,,
upstairs,A1,new,0,,
upwards,B2,new,0,,
urban,B2,new,0,,
urge,B2,new,0,,
us,A1,new,0,,
use,A1,new,0,,
useful,A1,new,0,,
user,A2,new,0,,
usual,A2,new,0,,
usually,A1,new,0,,
vacation,A1,new,0,,
valley,A2,new,0,,
valuable,B1,new,0,,
value,B1,new,0,,
van,A2,new,0,,
variety,A2,new,0,,
various,B1,new,0,,
vary,B2,new,0,,
vast,B2,new,0,,
vegetable,A1,new,0,,
vehicle,A2,new,0,,
venue,B2,new,0,,
version,B1,new,0,,
very,A1,new,0,,
via,B2,new,0,,
victim,B1,new,0,,
victory,B2,new,0,,
video,A1,new,0,,
view,A2,new,0,,
viewer,B1,new,0,,
village,A1,new,0,,
violence,B2,new,0,,
violent,B1,new,0,,
virtual,B2,new,0,,
virus,A2,new,0,,
vision,B2,new,0,,
visitor,A1,new,0,,
visual,B2,new,0,,
vital,B2,new,0,,
vitamin,B2,new,0,,
voice,A2,new,0,,
volume,B2,new,0,,
wage,B2,new,0,,
wait,A1,new,0,,
waiter,A1,new,0,,
wake,A1,new,0,,
wall,A1,new,0,,
want,A1,new,0,,
war,A2,new,0,,
warm,A1,new,0,,
warn,B1,new,0,,
warning,B1,new,0,,
wash,A1,new,0,,
washing,A2,new,0,,
water,A1,new,0,,
wave,A2,new,0,,
way,A1,new,0,,
we,A1,new,0,,
weak,A2,new,0,,
weakness,B2,new,0,,
wealth,B2,new,0,,
wealthy,B2,new,0,,
weapon,B1,new,0,,
wear,A1,new,0,,
weather,A1,new,0,,
web,A2,new,0,,
website,A1,new,0,,
wedding,A2,new,0,,
wednesday,A1,new,0,,
week,A1,new,0,,
weekend,A1,new,0,,
weigh,B1,new,0,,
weight,A2,new,0,,
western,B1,new,0,,
wet,A2,new,0,,
wheel,A2,new,0,,
whenever,B1,new,0,,
whereas,B2,new,0,,
wherever,B2,new,0,,
whether,B1,new,0,,
while,A2,new,0,,
who,A1,new,0,,
whole,A2,new,0,,
whom,B2,new,0,,
why,A1,new,0,,
wide,A2,new,0,,
widely,B2,new,0,,
wife,A1,new,0,,
wild,A2,new,0,,
wildlife,B2,new,0,,
will modal,A1,new,0,,
willing,B2,new,0,,
win,A1,new,0,,
window,A1,new,0,,
wine,A1,new,0,,
wing,B1,new,0,,
winner,A2,new,0,,
winter,A1,new,0,,
wire,B2,new,0,,
wise,B2,new,0,,
with,A1,new,0,,
within,B1,new,0,,
without,A1,new,0,,
woman,A1,new,0,,
wonderful,A1,new,0,,
wood,A2,new,0,,
wooden,A2,new,0,,
wool,B1,new,0,,
word,A1,new,0,,
worker,A1,new,0,,
working,A2,new,0,,
world,A1,new,0,,
worried,A2,new,0,,
worry,A2,new,0,,
worse,A2,new,0,,
worst,A2,new,0,,
worth,B1,new,0,,
would modal,A1,new,0,,
wow,A2,new,0,,
wrap,B2,new,0,,
write,A1,new,0,,
writer,A1,new,0,,
writing,A1,new,0,,
written,B1,new,0,,
wrong,A1,new,0,,
yard,B1,new,0,,
yeah,A1,new,0,,
year,A1,new,0,,
yes,A1,new,0,,
yet,A2,new,0,,
you,A1,new,0,,
young,A1,new,0,,
your,A1,new,0,,
yours,A2,new,0,,
yourself,A1,new,0,,
youth,B1,new,0,,
zero number,A2,new,0,,
zone,B2,new,0,,
